video_id,title,channel_title,alert_type,alert_priority,alert_reason,alert_score,ravs_score,ravs_speed_of_engagement,ravs_regulatory_relevance,ravs_safety_implications,ravs_influencer_reach,ravs_topic_sensitivity,viral_probability,trend_score,growth_acceleration,sentiment_label,emotion_label,toxicity_label,toxicity_score,pharma_risk_score,narrative_cluster_id,dominant_topic_id,topic_keywords,cluster_volume,narrative_trend_score,view_count,like_count,comment_count,subscriber_count,tracking_timestamp
eoBDGe0Znmg,Why Vets Squeeze Dummy Foals #goodtoknow #vet #medicine #educational #funfacts #lifehacks #survival,Vetventures,emerging_narrative,medium,Narrative cluster accelerating rapidly,240.27898544268388,0.5279,99,74,20,35,100,0.9947,1199.7553772134193,0.0,neutral,joy,non_toxic,0.1475,0,9,9,"research, dr, drug, trial, medical, immunotherapy, oncology, treatment, clinical, cancer",1883,4712.392744804283,3319387.0,131236.0,1313.0,0,2026-05-18 09:30:53.077934+00:00
eoBDGe0Znmg,Why Vets Squeeze Dummy Foals #goodtoknow #vet #medicine #educational #funfacts #lifehacks #survival,Vetventures,viral_emerging,high,High virality probability detected,240.27898544268388,0.5279,99,74,20,35,100,0.9947,1199.7553772134193,0.0,neutral,joy,non_toxic,0.1475,0,9,9,"research, dr, drug, trial, medical, immunotherapy, oncology, treatment, clinical, cancer",1883,4712.392744804283,3319387.0,131236.0,1313.0,0,2026-05-18 16:08:17.805041+00:00
eoBDGe0Znmg,Why Vets Squeeze Dummy Foals #goodtoknow #vet #medicine #educational #funfacts #lifehacks #survival,Vetventures,growth_spike,medium,Rapid growth acceleration detected,240.27898544268388,0.5279,99,74,20,35,100,0.9947,1199.7553772134193,0.0,neutral,joy,non_toxic,0.1475,0,9,9,"research, dr, drug, trial, medical, immunotherapy, oncology, treatment, clinical, cancer",1883,4712.392744804283,3319387.0,131236.0,1313.0,0,2026-05-18 09:30:53.077934+00:00
yFKzE9elgrk,How To Make Any Cat Yawn #goodtoknow #vet #medicine #funfacts #educational #lifehacks #survival #tip,Vetventures,viral_emerging,high,High virality probability detected,170.1723440661215,0.4416,99,74,20,35,100,0.9965,849.3616703306075,0.0,positive,joy,non_toxic,0.0053,0,9,9,"research, dr, drug, trial, medical, immunotherapy, oncology, treatment, clinical, cancer",1883,3556.093512091004,1388441.0,36939.0,329.0,0,2026-05-18 09:30:53.077934+00:00
yFKzE9elgrk,How To Make Any Cat Yawn #goodtoknow #vet #medicine #funfacts #educational #lifehacks #survival #tip,Vetventures,growth_spike,medium,Rapid growth acceleration detected,170.1723440661215,0.4416,99,74,20,35,100,0.9965,849.3616703306075,0.0,positive,joy,non_toxic,0.0053,0,9,9,"research, dr, drug, trial, medical, immunotherapy, oncology, treatment, clinical, cancer",1883,3556.093512091004,1388441.0,36939.0,329.0,0,2026-05-18 09:30:53.077934+00:00
yFKzE9elgrk,How To Make Any Cat Yawn #goodtoknow #vet #medicine #funfacts #educational #lifehacks #survival #tip,Vetventures,emerging_narrative,medium,Narrative cluster accelerating rapidly,170.1723440661215,0.4416,99,74,20,35,100,0.9965,849.3616703306075,0.0,positive,joy,non_toxic,0.0053,0,9,9,"research, dr, drug, trial, medical, immunotherapy, oncology, treatment, clinical, cancer",1883,3556.093512091004,1388441.0,36939.0,329.0,0,2026-05-18 16:08:17.805041+00:00
BSrcLgZmNXo,FDA Director Resigns After Trump Approved Flavored Vape Pens,DeFranco News Clips,growth_spike,medium,Rapid growth acceleration detected,153.47881596105063,0.427,99,74,20,35,100,0.9967,765.8974298052532,0.0,neutral,sadness,non_toxic,0.0016,0,3,1,"medicine, hantavirus, mrna, health, fda, pfizer, covid, vaccines, diabetes, vaccine",1800,3247.461518357335,839625.0,38655.0,1301.0,0,2026-05-18 16:08:17.805041+00:00
BSrcLgZmNXo,FDA Director Resigns After Trump Approved Flavored Vape Pens,DeFranco News Clips,emerging_narrative,medium,Narrative cluster accelerating rapidly,153.47881596105063,0.427,99,74,20,35,100,0.9967,765.8974298052532,0.0,neutral,sadness,non_toxic,0.0016,0,3,1,"medicine, hantavirus, mrna, health, fda, pfizer, covid, vaccines, diabetes, vaccine",1800,3247.461518357335,839625.0,38655.0,1301.0,0,2026-05-18 09:30:53.077934+00:00
BSrcLgZmNXo,FDA Director Resigns After Trump Approved Flavored Vape Pens,DeFranco News Clips,viral_emerging,high,High virality probability detected,153.47881596105063,0.427,99,74,20,35,100,0.9967,765.8974298052532,0.0,neutral,sadness,non_toxic,0.0016,0,3,1,"medicine, hantavirus, mrna, health, fda, pfizer, covid, vaccines, diabetes, vaccine",1800,3247.461518357335,839625.0,38655.0,1301.0,0,2026-05-18 16:08:17.805041+00:00
y1flHcojAx0,How To Fix Ballerina Foals 😷 #goodtoknow #vet #medicine #funfacts #lifehacks #educational #survival,Vetventures,emerging_narrative,medium,Narrative cluster accelerating rapidly,132.7601220184331,0.4119,99,74,20,35,100,0.9952,662.2932100921655,0.0,neutral,joy,non_toxic,0.0146,0,9,9,"research, dr, drug, trial, medical, immunotherapy, oncology, treatment, clinical, cancer",1883,2938.7675933041464,1885015.0,66287.0,457.0,0,2026-05-18 16:08:17.805041+00:00
y1flHcojAx0,How To Fix Ballerina Foals 😷 #goodtoknow #vet #medicine #funfacts #lifehacks #educational #survival,Vetventures,growth_spike,medium,Rapid growth acceleration detected,132.7601220184331,0.4119,99,74,20,35,100,0.9952,662.2932100921655,0.0,neutral,joy,non_toxic,0.0146,0,9,9,"research, dr, drug, trial, medical, immunotherapy, oncology, treatment, clinical, cancer",1883,2938.7675933041464,1885015.0,66287.0,457.0,0,2026-05-18 09:30:53.077934+00:00
y1flHcojAx0,How To Fix Ballerina Foals 😷 #goodtoknow #vet #medicine #funfacts #lifehacks #educational #survival,Vetventures,viral_emerging,high,High virality probability detected,132.7601220184331,0.4119,99,74,20,35,100,0.9952,662.2932100921655,0.0,neutral,joy,non_toxic,0.0146,0,9,9,"research, dr, drug, trial, medical, immunotherapy, oncology, treatment, clinical, cancer",1883,2938.7675933041464,1885015.0,66287.0,457.0,0,2026-05-18 16:08:17.805041+00:00
QtInYvVOgK4,Pet Poison Dart Frogs Are NOT Poisonous! #goodtoknow #vet #medicine #educational #funfacts #survival,Vetventures,emerging_narrative,medium,Narrative cluster accelerating rapidly,107.39405055839414,0.389,99,74,20,35,100,0.9957,535.4714027919707,0.0,neutral,joy,non_toxic,0.0053,0,2,9,"research, dr, drug, trial, medical, immunotherapy, oncology, treatment, clinical, cancer",1076,2197.4556292135035,1503484.0,54183.0,276.0,0,2026-05-18 09:30:53.077934+00:00
QtInYvVOgK4,Pet Poison Dart Frogs Are NOT Poisonous! #goodtoknow #vet #medicine #educational #funfacts #survival,Vetventures,viral_emerging,high,High virality probability detected,107.39405055839414,0.389,99,74,20,35,100,0.9957,535.4714027919707,0.0,neutral,joy,non_toxic,0.0053,0,2,9,"research, dr, drug, trial, medical, immunotherapy, oncology, treatment, clinical, cancer",1076,2197.4556292135035,1503484.0,54183.0,276.0,0,2026-05-18 16:08:17.805041+00:00
QtInYvVOgK4,Pet Poison Dart Frogs Are NOT Poisonous! #goodtoknow #vet #medicine #educational #funfacts #survival,Vetventures,growth_spike,medium,Rapid growth acceleration detected,107.39405055839414,0.389,99,74,20,35,100,0.9957,535.4714027919707,0.0,neutral,joy,non_toxic,0.0053,0,2,9,"research, dr, drug, trial, medical, immunotherapy, oncology, treatment, clinical, cancer",1076,2197.4556292135035,1503484.0,54183.0,276.0,0,2026-05-18 16:08:17.805041+00:00
zvnocleADiU,Natural shampoo for hair growth🧴 #haircare #hairgrowth #hair #foryou #trending #shortfeed #hair,𝑺𝒖𝒎𝒊𝒏_♡,emerging_narrative,medium,Narrative cluster accelerating rapidly,79.68222719219744,0.3656,99,74,20,35,100,0.9955,396.9141859609872,0.0,neutral,neutral,non_toxic,0.0037,0,4,4,"finasteride, video, medical, wegovy, glp, health, ozempic, weight, hair, loss",627,1560.6168136712574,0.0,0.0,0.0,0,2026-05-18 20:33:45.564058+00:00
zvnocleADiU,Natural shampoo for hair growth🧴 #haircare #hairgrowth #hair #foryou #trending #shortfeed #hair,𝑺𝒖𝒎𝒊𝒏_♡,growth_spike,medium,Rapid growth acceleration detected,79.68222719219744,0.3656,99,74,20,35,100,0.9955,396.9141859609872,0.0,neutral,neutral,non_toxic,0.0037,0,4,4,"finasteride, video, medical, wegovy, glp, health, ozempic, weight, hair, loss",627,1560.6168136712574,0.0,0.0,0.0,0,2026-05-18 20:33:45.564058+00:00
zvnocleADiU,Natural shampoo for hair growth🧴 #haircare #hairgrowth #hair #foryou #trending #shortfeed #hair,𝑺𝒖𝒎𝒊𝒏_♡,viral_emerging,high,High virality probability detected,79.68222719219744,0.3656,99,74,20,35,100,0.9955,396.9141859609872,0.0,neutral,neutral,non_toxic,0.0037,0,4,4,"finasteride, video, medical, wegovy, glp, health, ozempic, weight, hair, loss",627,1560.6168136712574,0.0,0.0,0.0,0,2026-05-18 20:33:45.564058+00:00
C2mXy44PPh4,HPV Vaccine Now Free for Girls in AP | Don’t Believe Myths | Dr Neeraja,"Dr K Neeraja - MD, DM (Neurology)",pharma_risk,critical,Potential pharma safety risk detected,74.7435324795169,0.3898,99,35,20,35,100,0.9967,371.4709123975844,0.0,positive,joy,non_toxic,0.0017,1,2,1,"medicine, hantavirus, mrna, health, fda, pfizer, covid, vaccines, diabetes, vaccine",1076,1655.9540109120285,820996.0,20374.0,555.0,0,2026-05-18 16:08:17.805041+00:00
C2mXy44PPh4,HPV Vaccine Now Free for Girls in AP | Don’t Believe Myths | Dr Neeraja,"Dr K Neeraja - MD, DM (Neurology)",viral_emerging,high,High virality probability detected,74.7435324795169,0.3898,99,35,20,35,100,0.9967,371.4709123975844,0.0,positive,joy,non_toxic,0.0017,1,2,1,"medicine, hantavirus, mrna, health, fda, pfizer, covid, vaccines, diabetes, vaccine",1076,1655.9540109120285,820996.0,20374.0,555.0,0,2026-05-18 16:08:17.805041+00:00
C2mXy44PPh4,HPV Vaccine Now Free for Girls in AP | Don’t Believe Myths | Dr Neeraja,"Dr K Neeraja - MD, DM (Neurology)",emerging_narrative,medium,Narrative cluster accelerating rapidly,74.7435324795169,0.3898,99,35,20,35,100,0.9967,371.4709123975844,0.0,positive,joy,non_toxic,0.0017,1,2,1,"medicine, hantavirus, mrna, health, fda, pfizer, covid, vaccines, diabetes, vaccine",1076,1655.9540109120285,820996.0,20374.0,555.0,0,2026-05-18 16:08:17.805041+00:00
C2mXy44PPh4,HPV Vaccine Now Free for Girls in AP | Don’t Believe Myths | Dr Neeraja,"Dr K Neeraja - MD, DM (Neurology)",growth_spike,medium,Rapid growth acceleration detected,74.7435324795169,0.3898,99,35,20,35,100,0.9967,371.4709123975844,0.0,positive,joy,non_toxic,0.0017,1,2,1,"medicine, hantavirus, mrna, health, fda, pfizer, covid, vaccines, diabetes, vaccine",1076,1655.9540109120285,820996.0,20374.0,555.0,0,2026-05-18 16:08:17.805041+00:00
_YT9-MO_e64,Doctor Explains: needle free injections?!,Doctor Myro,viral_emerging,high,High virality probability detected,74.12369288853894,0.361,99,74,20,35,100,0.9973,369.1213144426947,0.0,positive,surprise,non_toxic,0.0012,0,2,4,"finasteride, video, medical, wegovy, glp, health, ozempic, weight, hair, loss",1076,1648.500337660893,4102519.0,132826.0,1920.0,0,2026-05-18 09:30:53.077934+00:00
_YT9-MO_e64,Doctor Explains: needle free injections?!,Doctor Myro,growth_spike,medium,Rapid growth acceleration detected,74.12369288853894,0.361,99,74,20,35,100,0.9973,369.1213144426947,0.0,positive,surprise,non_toxic,0.0012,0,2,4,"finasteride, video, medical, wegovy, glp, health, ozempic, weight, hair, loss",1076,1648.500337660893,4102519.0,132826.0,1920.0,0,2026-05-18 16:08:17.805041+00:00
_YT9-MO_e64,Doctor Explains: needle free injections?!,Doctor Myro,emerging_narrative,medium,Narrative cluster accelerating rapidly,74.12369288853894,0.361,99,74,20,35,100,0.9973,369.1213144426947,0.0,positive,surprise,non_toxic,0.0012,0,2,4,"finasteride, video, medical, wegovy, glp, health, ozempic, weight, hair, loss",1076,1648.500337660893,4102519.0,132826.0,1920.0,0,2026-05-18 16:08:17.805041+00:00
RYBN5HSJyvE,Thank You Lord - Jenn Johnson and Brooke Ligertwood,Jenn Johnson,emerging_narrative,medium,Narrative cluster accelerating rapidly,61.55279491926985,0.3503,99,74,20,35,100,0.9968,306.26787459634926,0.0,positive,neutral,non_toxic,0.0009,0,0,2,"05, new, 30, 10, like, episode, ingelheim, boehringer, johnson, 00",1187,1485.4839861679525,3850093.0,2393.0,60.0,0,2026-05-18 09:30:53.077934+00:00
RYBN5HSJyvE,Thank You Lord - Jenn Johnson and Brooke Ligertwood,Jenn Johnson,growth_spike,medium,Rapid growth acceleration detected,61.55279491926985,0.3503,99,74,20,35,100,0.9968,306.26787459634926,0.0,positive,neutral,non_toxic,0.0009,0,0,2,"05, new, 30, 10, like, episode, ingelheim, boehringer, johnson, 00",1187,1485.4839861679525,3850093.0,2393.0,60.0,0,2026-05-18 09:30:53.077934+00:00
RYBN5HSJyvE,Thank You Lord - Jenn Johnson and Brooke Ligertwood,Jenn Johnson,viral_emerging,high,High virality probability detected,61.55279491926985,0.3503,99,74,20,35,100,0.9968,306.26787459634926,0.0,positive,neutral,non_toxic,0.0009,0,0,2,"05, new, 30, 10, like, episode, ingelheim, boehringer, johnson, 00",1187,1485.4839861679525,3850093.0,2393.0,60.0,0,2026-05-18 09:30:53.077934+00:00
rBpLMdxt9QE,Vacinas de Kemily estão ok🩷 ✅ #foryou #vlog,Stories dos famosos ,emerging_narrative,medium,Narrative cluster accelerating rapidly,57.479118075400606,0.3473,99,74,20,35,100,0.9979,285.897440377003,0.0,positive,neutral,non_toxic,0.0013,0,2,1,"medicine, hantavirus, mrna, health, fda, pfizer, covid, vaccines, diabetes, vaccine",1076,1373.8615532441102,1056024.0,44230.0,372.0,0,2026-05-18 16:08:17.805041+00:00
rBpLMdxt9QE,Vacinas de Kemily estão ok🩷 ✅ #foryou #vlog,Stories dos famosos ,viral_emerging,high,High virality probability detected,57.479118075400606,0.3473,99,74,20,35,100,0.9979,285.897440377003,0.0,positive,neutral,non_toxic,0.0013,0,2,1,"medicine, hantavirus, mrna, health, fda, pfizer, covid, vaccines, diabetes, vaccine",1076,1373.8615532441102,1056024.0,44230.0,372.0,0,2026-05-18 16:08:17.805041+00:00
rBpLMdxt9QE,Vacinas de Kemily estão ok🩷 ✅ #foryou #vlog,Stories dos famosos ,growth_spike,medium,Rapid growth acceleration detected,57.479118075400606,0.3473,99,74,20,35,100,0.9979,285.897440377003,0.0,positive,neutral,non_toxic,0.0013,0,2,1,"medicine, hantavirus, mrna, health, fda, pfizer, covid, vaccines, diabetes, vaccine",1076,1373.8615532441102,1056024.0,44230.0,372.0,0,2026-05-18 09:30:53.077934+00:00
VWBEsV-Zv-c,लसीकरणानंतरची गाठ | Vaccine Lump Normal,SthreeVerse Marathi,growth_spike,medium,Rapid growth acceleration detected,56.43616291688445,0.3467,99,74,20,35,100,0.9975,280.6811645844222,0.0,neutral,fear,non_toxic,0.0034,0,2,1,"medicine, hantavirus, mrna, health, fda, pfizer, covid, vaccines, diabetes, vaccine",1076,1356.6478431285934,630226.0,1058.0,0.0,0,2026-05-18 16:08:17.805041+00:00
VWBEsV-Zv-c,लसीकरणानंतरची गाठ | Vaccine Lump Normal,SthreeVerse Marathi,viral_emerging,high,High virality probability detected,56.43616291688445,0.3467,99,74,20,35,100,0.9975,280.6811645844222,0.0,neutral,fear,non_toxic,0.0034,0,2,1,"medicine, hantavirus, mrna, health, fda, pfizer, covid, vaccines, diabetes, vaccine",1076,1356.6478431285934,630226.0,1058.0,0.0,0,2026-05-18 09:30:53.077934+00:00
VWBEsV-Zv-c,लसीकरणानंतरची गाठ | Vaccine Lump Normal,SthreeVerse Marathi,emerging_narrative,medium,Narrative cluster accelerating rapidly,56.43616291688445,0.3467,99,74,20,35,100,0.9975,280.6811645844222,0.0,neutral,fear,non_toxic,0.0034,0,2,1,"medicine, hantavirus, mrna, health, fda, pfizer, covid, vaccines, diabetes, vaccine",1076,1356.6478431285934,630226.0,1058.0,0.0,0,2026-05-18 09:30:53.077934+00:00
82WknZ4EySU,Ex-Pfizer-Toxikologe: „Es war ein Menschenversuch“,{ungeskriptet} by Ben,growth_spike,medium,Rapid growth acceleration detected,51.17438568546077,0.3976,99,35,20,35,100,0.9938,252.88032842730385,0.0,negative,sadness,non_toxic,0.0009,2,5,2,"05, new, 30, 10, like, episode, ingelheim, boehringer, johnson, 00",511,1038.3050838101026,1094261.0,64600.0,14193.0,0,2026-05-18 09:30:53.077934+00:00
82WknZ4EySU,Ex-Pfizer-Toxikologe: „Es war ein Menschenversuch“,{ungeskriptet} by Ben,pharma_risk,critical,Potential pharma safety risk detected,51.17438568546077,0.3976,99,35,20,35,100,0.9938,252.88032842730385,0.0,negative,sadness,non_toxic,0.0009,2,5,2,"05, new, 30, 10, like, episode, ingelheim, boehringer, johnson, 00",511,1038.3050838101026,1094261.0,64600.0,14193.0,0,2026-05-18 16:08:17.805041+00:00
82WknZ4EySU,Ex-Pfizer-Toxikologe: „Es war ein Menschenversuch“,{ungeskriptet} by Ben,viral_emerging,high,High virality probability detected,51.17438568546077,0.3976,99,35,20,35,100,0.9938,252.88032842730385,0.0,negative,sadness,non_toxic,0.0009,2,5,2,"05, new, 30, 10, like, episode, ingelheim, boehringer, johnson, 00",511,1038.3050838101026,1094261.0,64600.0,14193.0,0,2026-05-18 09:30:53.077934+00:00
82WknZ4EySU,Ex-Pfizer-Toxikologe: „Es war ein Menschenversuch“,{ungeskriptet} by Ben,emerging_narrative,medium,Narrative cluster accelerating rapidly,51.17438568546077,0.3976,99,35,20,35,100,0.9938,252.88032842730385,0.0,negative,sadness,non_toxic,0.0009,2,5,2,"05, new, 30, 10, like, episode, ingelheim, boehringer, johnson, 00",511,1038.3050838101026,1094261.0,64600.0,14193.0,0,2026-05-18 09:30:53.077934+00:00
SuazC9qItjo,Lilly shooting her second deer!!,wild worlds Hunt ,growth_spike,medium,Rapid growth acceleration detected,50.8423362591056,0.3419,99,74,20,35,100,0.9915,252.712831295528,0.0,neutral,joy,non_toxic,0.0116,0,0,0,"pharmaceutical, pharma, 2026, eli, biopharma, squibb, myers, bristol, biosimilars, lilly",1187,1308.7523432752423,2154836.0,54569.0,903.0,0,2026-05-18 16:08:17.805041+00:00
SuazC9qItjo,Lilly shooting her second deer!!,wild worlds Hunt ,emerging_narrative,medium,Narrative cluster accelerating rapidly,50.8423362591056,0.3419,99,74,20,35,100,0.9915,252.712831295528,0.0,neutral,joy,non_toxic,0.0116,0,0,0,"pharmaceutical, pharma, 2026, eli, biopharma, squibb, myers, bristol, biosimilars, lilly",1187,1308.7523432752423,2154836.0,54569.0,903.0,0,2026-05-18 16:08:17.805041+00:00
SuazC9qItjo,Lilly shooting her second deer!!,wild worlds Hunt ,viral_emerging,high,High virality probability detected,50.8423362591056,0.3419,99,74,20,35,100,0.9915,252.712831295528,0.0,neutral,joy,non_toxic,0.0116,0,0,0,"pharmaceutical, pharma, 2026, eli, biopharma, squibb, myers, bristol, biosimilars, lilly",1187,1308.7523432752423,2154836.0,54569.0,903.0,0,2026-05-18 16:08:17.805041+00:00
L_NNDsOVeAA,Chick Vaccination: Reduces Mortality and Prevents Massive Losses 🐥💉,Folk Crafts,viral_emerging,high,High virality probability detected,47.84332962313687,0.3387,99,74,20,35,100,0.9961,237.7214981156843,0.0,positive,joy,non_toxic,0.001,0,2,1,"medicine, hantavirus, mrna, health, fda, pfizer, covid, vaccines, diabetes, vaccine",1076,1214.880943781758,2440287.0,3019.0,10.0,0,2026-05-18 16:08:17.805041+00:00
L_NNDsOVeAA,Chick Vaccination: Reduces Mortality and Prevents Massive Losses 🐥💉,Folk Crafts,growth_spike,medium,Rapid growth acceleration detected,47.84332962313687,0.3387,99,74,20,35,100,0.9961,237.7214981156843,0.0,positive,joy,non_toxic,0.001,0,2,1,"medicine, hantavirus, mrna, health, fda, pfizer, covid, vaccines, diabetes, vaccine",1076,1214.880943781758,2440287.0,3019.0,10.0,0,2026-05-18 16:08:17.805041+00:00
L_NNDsOVeAA,Chick Vaccination: Reduces Mortality and Prevents Massive Losses 🐥💉,Folk Crafts,emerging_narrative,medium,Narrative cluster accelerating rapidly,47.84332962313687,0.3387,99,74,20,35,100,0.9961,237.7214981156843,0.0,positive,joy,non_toxic,0.001,0,2,1,"medicine, hantavirus, mrna, health, fda, pfizer, covid, vaccines, diabetes, vaccine",1076,1214.880943781758,2440287.0,3019.0,10.0,0,2026-05-18 09:30:53.077934+00:00
k_VGT24G7E4,This girl solved her hair loss problem with just one simple trick 💇‍♀️✨😲#shorts #funny #fyp #usa,Fox movies,viral_emerging,high,High virality probability detected,46.42941146827936,0.338,99,74,20,35,100,0.9967,230.6495073413968,0.0,positive,joy,non_toxic,0.0025,0,4,4,"finasteride, video, medical, wegovy, glp, health, ozempic, weight, hair, loss",627,1011.9433742266092,0.0,0.0,0.0,0,2026-05-18 20:33:45.564058+00:00
k_VGT24G7E4,This girl solved her hair loss problem with just one simple trick 💇‍♀️✨😲#shorts #funny #fyp #usa,Fox movies,emerging_narrative,medium,Narrative cluster accelerating rapidly,46.42941146827936,0.338,99,74,20,35,100,0.9967,230.6495073413968,0.0,positive,joy,non_toxic,0.0025,0,4,4,"finasteride, video, medical, wegovy, glp, health, ozempic, weight, hair, loss",627,1011.9433742266092,0.0,0.0,0.0,0,2026-05-18 20:33:45.564058+00:00
k_VGT24G7E4,This girl solved her hair loss problem with just one simple trick 💇‍♀️✨😲#shorts #funny #fyp #usa,Fox movies,growth_spike,medium,Rapid growth acceleration detected,46.42941146827936,0.338,99,74,20,35,100,0.9967,230.6495073413968,0.0,positive,joy,non_toxic,0.0025,0,4,4,"finasteride, video, medical, wegovy, glp, health, ozempic, weight, hair, loss",627,1011.9433742266092,0.0,0.0,0.0,0,2026-05-18 20:33:45.564058+00:00
YelzNMIZvS8,ಲಸಿಕೆ ನಂತರದ ಗಂಟು | Vaccine Lump Normal,SthreeVerse Kannada,emerging_narrative,medium,Narrative cluster accelerating rapidly,43.45499149645384,0.336,99,74,20,35,100,0.9974,215.7747574822692,0.0,neutral,fear,non_toxic,0.0041,0,2,1,"medicine, hantavirus, mrna, health, fda, pfizer, covid, vaccines, diabetes, vaccine",1076,1142.4566996914882,590775.0,1205.0,1.0,0,2026-05-18 16:08:17.805041+00:00
YelzNMIZvS8,ಲಸಿಕೆ ನಂತರದ ಗಂಟು | Vaccine Lump Normal,SthreeVerse Kannada,viral_emerging,high,High virality probability detected,43.45499149645384,0.336,99,74,20,35,100,0.9974,215.7747574822692,0.0,neutral,fear,non_toxic,0.0041,0,2,1,"medicine, hantavirus, mrna, health, fda, pfizer, covid, vaccines, diabetes, vaccine",1076,1142.4566996914882,590775.0,1205.0,1.0,0,2026-05-18 16:08:17.805041+00:00
YelzNMIZvS8,ಲಸಿಕೆ ನಂತರದ ಗಂಟು | Vaccine Lump Normal,SthreeVerse Kannada,growth_spike,medium,Rapid growth acceleration detected,43.45499149645384,0.336,99,74,20,35,100,0.9974,215.7747574822692,0.0,neutral,fear,non_toxic,0.0041,0,2,1,"medicine, hantavirus, mrna, health, fda, pfizer, covid, vaccines, diabetes, vaccine",1076,1142.4566996914882,590775.0,1205.0,1.0,0,2026-05-18 09:30:53.077934+00:00
OsICcuGVtMU,MDJ苗栗卓蘭街頭隨機頭皮養護,MDJ,emerging_narrative,medium,Narrative cluster accelerating rapidly,41.29280197800136,0.3402,99,74,20,35,100,0.9945,204.9336598900068,0.0,unknown,unknown,non_toxic,0.0386,0,4,4,"finasteride, video, medical, wegovy, glp, health, ozempic, weight, hair, loss",627,927.0810776370224,9451.0,32.0,0.0,0,2026-05-18 09:30:53.077934+00:00
OsICcuGVtMU,MDJ苗栗卓蘭街頭隨機頭皮養護,MDJ,viral_emerging,high,High virality probability detected,41.29280197800136,0.3402,99,74,20,35,100,0.9945,204.9336598900068,0.0,unknown,unknown,non_toxic,0.0386,0,4,4,"finasteride, video, medical, wegovy, glp, health, ozempic, weight, hair, loss",627,927.0810776370224,9451.0,32.0,0.0,0,2026-05-18 16:08:17.805041+00:00
OsICcuGVtMU,MDJ苗栗卓蘭街頭隨機頭皮養護,MDJ,growth_spike,medium,Rapid growth acceleration detected,41.29280197800136,0.3402,99,74,20,35,100,0.9945,204.9336598900068,0.0,unknown,unknown,non_toxic,0.0386,0,4,4,"finasteride, video, medical, wegovy, glp, health, ozempic, weight, hair, loss",627,927.0810776370224,9451.0,32.0,0.0,0,2026-05-18 16:08:17.805041+00:00
8JAegwmDEJA,Get 2X more moisturization (vs. regular bar soap) with Johnson's Baby 💙,JOHNSON'S Baby Philippines,viral_emerging,high,High virality probability detected,33.2010139084605,0.3256,99,74,20,35,100,0.993,164.5141695423025,0.0,positive,anger,non_toxic,0.0014,0,0,2,"05, new, 30, 10, like, episode, ingelheim, boehringer, johnson, 00",1187,1017.6967594895984,16180896.0,191.0,0.0,0,2026-05-18 16:08:17.805041+00:00
8JAegwmDEJA,Get 2X more moisturization (vs. regular bar soap) with Johnson's Baby 💙,JOHNSON'S Baby Philippines,growth_spike,medium,Rapid growth acceleration detected,33.2010139084605,0.3256,99,74,20,35,100,0.993,164.5141695423025,0.0,positive,anger,non_toxic,0.0014,0,0,2,"05, new, 30, 10, like, episode, ingelheim, boehringer, johnson, 00",1187,1017.6967594895984,16180896.0,191.0,0.0,0,2026-05-18 16:08:17.805041+00:00
8JAegwmDEJA,Get 2X more moisturization (vs. regular bar soap) with Johnson's Baby 💙,JOHNSON'S Baby Philippines,emerging_narrative,medium,Narrative cluster accelerating rapidly,33.2010139084605,0.3256,99,74,20,35,100,0.993,164.5141695423025,0.0,positive,anger,non_toxic,0.0014,0,0,2,"05, new, 30, 10, like, episode, ingelheim, boehringer, johnson, 00",1187,1017.6967594895984,16180896.0,191.0,0.0,0,2026-05-18 16:08:17.805041+00:00
W08lP5_Jrm0,Why This Vaccine Leaves 18 Scars!,Davidjustinn,growth_spike,medium,Rapid growth acceleration detected,32.82977430667358,0.3362,99,74,20,35,100,0.998,162.60337153336786,0.0,negative,anger,non_toxic,0.0485,0,2,1,"medicine, hantavirus, mrna, health, fda, pfizer, covid, vaccines, diabetes, vaccine",1076,966.991126060114,1302112.0,26795.0,296.0,0,2026-05-18 16:08:17.805041+00:00
W08lP5_Jrm0,Why This Vaccine Leaves 18 Scars!,Davidjustinn,emerging_narrative,medium,Narrative cluster accelerating rapidly,32.82977430667358,0.3362,99,74,20,35,100,0.998,162.60337153336786,0.0,negative,anger,non_toxic,0.0485,0,2,1,"medicine, hantavirus, mrna, health, fda, pfizer, covid, vaccines, diabetes, vaccine",1076,966.991126060114,1302112.0,26795.0,296.0,0,2026-05-18 16:08:17.805041+00:00
W08lP5_Jrm0,Why This Vaccine Leaves 18 Scars!,Davidjustinn,viral_emerging,high,High virality probability detected,32.82977430667358,0.3362,99,74,20,35,100,0.998,162.60337153336786,0.0,negative,anger,non_toxic,0.0485,0,2,1,"medicine, hantavirus, mrna, health, fda, pfizer, covid, vaccines, diabetes, vaccine",1076,966.991126060114,1302112.0,26795.0,296.0,0,2026-05-18 09:30:53.077934+00:00
sSjylEQdz64,🎬 Title: Jeremiah Johnson (1972) | Jeremiah Johnson and Del Part Ways,Kanmin,growth_spike,medium,Rapid growth acceleration detected,31.063258642649277,0.3249,99,74,20,35,100,0.9971,153.82004321324638,0.0,neutral,sadness,non_toxic,0.0006,0,0,2,"05, new, 30, 10, like, episode, ingelheim, boehringer, johnson, 00",1187,982.406142603713,350939.0,5837.0,111.0,0,2026-05-18 16:08:17.805041+00:00
sSjylEQdz64,🎬 Title: Jeremiah Johnson (1972) | Jeremiah Johnson and Del Part Ways,Kanmin,viral_emerging,high,High virality probability detected,31.063258642649277,0.3249,99,74,20,35,100,0.9971,153.82004321324638,0.0,neutral,sadness,non_toxic,0.0006,0,0,2,"05, new, 30, 10, like, episode, ingelheim, boehringer, johnson, 00",1187,982.406142603713,350939.0,5837.0,111.0,0,2026-05-18 09:30:53.077934+00:00
sSjylEQdz64,🎬 Title: Jeremiah Johnson (1972) | Jeremiah Johnson and Del Part Ways,Kanmin,emerging_narrative,medium,Narrative cluster accelerating rapidly,31.063258642649277,0.3249,99,74,20,35,100,0.9971,153.82004321324638,0.0,neutral,sadness,non_toxic,0.0006,0,0,2,"05, new, 30, 10, like, episode, ingelheim, boehringer, johnson, 00",1187,982.406142603713,350939.0,5837.0,111.0,0,2026-05-18 16:08:17.805041+00:00
y5vaejD3SRk,How Vets Trim Degu Teeth #goodtoknow #educational #vet #medicine #lifehacks #survival #funfacts,Vetventures,emerging_narrative,medium,Narrative cluster accelerating rapidly,30.092466890589918,0.327,99,74,20,35,100,0.9969,148.9514844529496,0.0,neutral,joy,non_toxic,0.0155,0,9,9,"research, dr, drug, trial, medical, immunotherapy, oncology, treatment, clinical, cancer",1883,1244.7398986947337,399140.0,9565.0,86.0,0,2026-05-18 16:08:17.805041+00:00
y5vaejD3SRk,How Vets Trim Degu Teeth #goodtoknow #educational #vet #medicine #lifehacks #survival #funfacts,Vetventures,viral_emerging,high,High virality probability detected,30.092466890589918,0.327,99,74,20,35,100,0.9969,148.9514844529496,0.0,neutral,joy,non_toxic,0.0155,0,9,9,"research, dr, drug, trial, medical, immunotherapy, oncology, treatment, clinical, cancer",1883,1244.7398986947337,399140.0,9565.0,86.0,0,2026-05-18 09:30:53.077934+00:00
y5vaejD3SRk,How Vets Trim Degu Teeth #goodtoknow #educational #vet #medicine #lifehacks #survival #funfacts,Vetventures,growth_spike,medium,Rapid growth acceleration detected,30.092466890589918,0.327,99,74,20,35,100,0.9969,148.9514844529496,0.0,neutral,joy,non_toxic,0.0155,0,9,9,"research, dr, drug, trial, medical, immunotherapy, oncology, treatment, clinical, cancer",1883,1244.7398986947337,399140.0,9565.0,86.0,0,2026-05-18 09:30:53.077934+00:00
fLQTiy0NcUw,HPV Vaccine for girls & Boys | Dr. Silpahasa Samalla top gynecologist in Vizag #pregnancy #baby,Dr. Silpahasa,growth_spike,medium,Rapid growth acceleration detected,29.534963118286463,0.3247,99,74,20,35,100,0.9983,146.1730655914323,0.0,neutral,neutral,non_toxic,0.0043,0,2,1,"medicine, hantavirus, mrna, health, fda, pfizer, covid, vaccines, diabetes, vaccine",1076,912.7711164517268,773111.0,13370.0,155.0,0,2026-05-18 09:30:53.077934+00:00
fLQTiy0NcUw,HPV Vaccine for girls & Boys | Dr. Silpahasa Samalla top gynecologist in Vizag #pregnancy #baby,Dr. Silpahasa,viral_emerging,high,High virality probability detected,29.534963118286463,0.3247,99,74,20,35,100,0.9983,146.1730655914323,0.0,neutral,neutral,non_toxic,0.0043,0,2,1,"medicine, hantavirus, mrna, health, fda, pfizer, covid, vaccines, diabetes, vaccine",1076,912.7711164517268,773111.0,13370.0,155.0,0,2026-05-18 09:30:53.077934+00:00
fLQTiy0NcUw,HPV Vaccine for girls & Boys | Dr. Silpahasa Samalla top gynecologist in Vizag #pregnancy #baby,Dr. Silpahasa,emerging_narrative,medium,Narrative cluster accelerating rapidly,29.534963118286463,0.3247,99,74,20,35,100,0.9983,146.1730655914323,0.0,neutral,neutral,non_toxic,0.0043,0,2,1,"medicine, hantavirus, mrna, health, fda, pfizer, covid, vaccines, diabetes, vaccine",1076,912.7711164517268,773111.0,13370.0,155.0,0,2026-05-18 16:08:17.805041+00:00
9R49eR8LDCM,Adolescence and the Menopausal Years #simpsons #thesimpsons #cartoon,Hbeinw Eiuns,viral_emerging,high,High virality probability detected,27.582616495749782,0.3243,99,74,20,35,100,0.9932,136.4050824787489,0.0,neutral,sadness,non_toxic,0.0182,0,4,7,"women, video, pregnancy, pharmacy, menopause, health, generic, medicine, ivf, fertility",627,700.9367721798714,0.0,0.0,0.0,0,2026-05-18 20:33:45.564058+00:00
9R49eR8LDCM,Adolescence and the Menopausal Years #simpsons #thesimpsons #cartoon,Hbeinw Eiuns,growth_spike,medium,Rapid growth acceleration detected,27.582616495749782,0.3243,99,74,20,35,100,0.9932,136.4050824787489,0.0,neutral,sadness,non_toxic,0.0182,0,4,7,"women, video, pregnancy, pharmacy, menopause, health, generic, medicine, ivf, fertility",627,700.9367721798714,0.0,0.0,0.0,0,2026-05-18 20:33:45.564058+00:00
jes7pcE_i6k,The Ozempic Celebrity Craze. is Getting Scary...,Christina Randall,viral_emerging,high,High virality probability detected,27.27858640545213,0.3216,99,74,20,35,100,0.9964,134.89713202726065,0.0,neutral,fear,non_toxic,0.0012,0,8,2,"05, new, 30, 10, like, episode, ingelheim, boehringer, johnson, 00",671,713.5605356899603,219562.0,14574.0,2493.0,0,2026-05-18 09:30:53.077934+00:00
jes7pcE_i6k,The Ozempic Celebrity Craze. is Getting Scary...,Christina Randall,growth_spike,medium,Rapid growth acceleration detected,27.27858640545213,0.3216,99,74,20,35,100,0.9964,134.89713202726065,0.0,neutral,fear,non_toxic,0.0012,0,8,2,"05, new, 30, 10, like, episode, ingelheim, boehringer, johnson, 00",671,713.5605356899603,219562.0,14574.0,2493.0,0,2026-05-18 16:08:17.805041+00:00
yjvRN5VymR4,Funny stories by doctor 😂😂 #ivf #funnyshorts #medical #injectionpodcast #awareness #sperm #podcast,Injection,growth_spike,medium,Rapid growth acceleration detected,24.04473010127058,0.3306,99,74,20,35,100,0.9977,118.6696005063529,0.0,neutral,joy,non_toxic,0.0575,0,10,7,"women, video, pregnancy, pharmacy, menopause, health, generic, medicine, ivf, fertility",955,773.6096816709644,0.0,0.0,0.0,0,2026-05-18 20:33:45.564058+00:00
yjvRN5VymR4,Funny stories by doctor 😂😂 #ivf #funnyshorts #medical #injectionpodcast #awareness #sperm #podcast,Injection,viral_emerging,high,High virality probability detected,24.04473010127058,0.3306,99,74,20,35,100,0.9977,118.6696005063529,0.0,neutral,joy,non_toxic,0.0575,0,10,7,"women, video, pregnancy, pharmacy, menopause, health, generic, medicine, ivf, fertility",955,773.6096816709644,0.0,0.0,0.0,0,2026-05-18 20:33:45.564058+00:00
yjvRN5VymR4,Funny stories by doctor 😂😂 #ivf #funnyshorts #medical #injectionpodcast #awareness #sperm #podcast,Injection,emerging_narrative,medium,Narrative cluster accelerating rapidly,24.04473010127058,0.3306,99,74,20,35,100,0.9977,118.6696005063529,0.0,neutral,joy,non_toxic,0.0575,0,10,7,"women, video, pregnancy, pharmacy, menopause, health, generic, medicine, ivf, fertility",955,773.6096816709644,0.0,0.0,0.0,0,2026-05-18 20:33:45.564058+00:00
4Hviv_QHaPk,Painless IVF @ Karimnagar Dr Padmaja Fertility Centre #brahmaivf #ivftreatment  #ivfsuccess,Dr Padmaja Fertility Center Karimnagar,growth_spike,medium,Rapid growth acceleration detected,22.327892529388418,0.318,99,74,20,35,100,0.9963,110.14121264694208,0.0,positive,joy,non_toxic,0.0038,0,10,7,"women, video, pregnancy, pharmacy, menopause, health, generic, medicine, ivf, fertility",955,745.4660017349088,0.0,0.0,0.0,0,2026-05-18 20:33:45.564058+00:00
4Hviv_QHaPk,Painless IVF @ Karimnagar Dr Padmaja Fertility Centre #brahmaivf #ivftreatment  #ivfsuccess,Dr Padmaja Fertility Center Karimnagar,viral_emerging,high,High virality probability detected,22.327892529388418,0.318,99,74,20,35,100,0.9963,110.14121264694208,0.0,positive,joy,non_toxic,0.0038,0,10,7,"women, video, pregnancy, pharmacy, menopause, health, generic, medicine, ivf, fertility",955,745.4660017349088,0.0,0.0,0.0,0,2026-05-18 20:33:45.564058+00:00
vt-ajPxX16s,AVC : Reconnaître les 3 signes qui sauvent – campagne Boehringer Ingelheim 2026,Boehringer Ingelheim France,viral_emerging,high,High virality probability detected,22.280983176119925,0.3171,99,74,20,35,100,0.9955,109.91096588059962,0.0,positive,neutral,non_toxic,0.0007,0,10,2,"05, new, 30, 10, like, episode, ingelheim, boehringer, johnson, 00",955,744.7061874059788,2657998.0,7.0,0.0,0,2026-05-18 16:08:17.805041+00:00
vt-ajPxX16s,AVC : Reconnaître les 3 signes qui sauvent – campagne Boehringer Ingelheim 2026,Boehringer Ingelheim France,growth_spike,medium,Rapid growth acceleration detected,22.280983176119925,0.3171,99,74,20,35,100,0.9955,109.91096588059962,0.0,positive,neutral,non_toxic,0.0007,0,10,2,"05, new, 30, 10, like, episode, ingelheim, boehringer, johnson, 00",955,744.7061874059788,2657998.0,7.0,0.0,0,2026-05-18 09:30:53.077934+00:00
ydn9A7nenGY,టీకా తర్వాత గడ్డ | Vaccine Lump Normal,SthreeVerse Telugu,growth_spike,medium,Rapid growth acceleration detected,21.209136064660843,0.3171,99,74,20,35,100,0.9964,104.54728032330422,0.0,neutral,fear,non_toxic,0.0038,0,2,1,"medicine, hantavirus, mrna, health, fda, pfizer, covid, vaccines, diabetes, vaccine",1076,775.406025066904,215425.0,512.0,1.0,0,2026-05-18 09:30:53.077934+00:00
ydn9A7nenGY,టీకా తర్వాత గడ్డ | Vaccine Lump Normal,SthreeVerse Telugu,emerging_narrative,medium,Narrative cluster accelerating rapidly,21.209136064660843,0.3171,99,74,20,35,100,0.9964,104.54728032330422,0.0,neutral,fear,non_toxic,0.0038,0,2,1,"medicine, hantavirus, mrna, health, fda, pfizer, covid, vaccines, diabetes, vaccine",1076,775.406025066904,215425.0,512.0,1.0,0,2026-05-18 09:30:53.077934+00:00
ydn9A7nenGY,టీకా తర్వాత గడ్డ | Vaccine Lump Normal,SthreeVerse Telugu,viral_emerging,high,High virality probability detected,21.209136064660843,0.3171,99,74,20,35,100,0.9964,104.54728032330422,0.0,neutral,fear,non_toxic,0.0038,0,2,1,"medicine, hantavirus, mrna, health, fda, pfizer, covid, vaccines, diabetes, vaccine",1076,775.406025066904,215425.0,512.0,1.0,0,2026-05-18 16:08:17.805041+00:00
ypcQ5oPB6W0,How caffeine REALLY affects the brain,Doctor Myro,growth_spike,medium,Rapid growth acceleration detected,21.018339883278248,0.3161,99,74,20,35,100,0.9916,103.59769941639124,0.0,neutral,joy,non_toxic,0.0066,0,9,4,"finasteride, video, medical, wegovy, glp, health, ozempic, weight, hair, loss",1883,1095.072408074091,200851.0,11234.0,486.0,0,2026-05-18 16:08:17.805041+00:00
ypcQ5oPB6W0,How caffeine REALLY affects the brain,Doctor Myro,viral_emerging,high,High virality probability detected,21.018339883278248,0.3161,99,74,20,35,100,0.9916,103.59769941639124,0.0,neutral,joy,non_toxic,0.0066,0,9,4,"finasteride, video, medical, wegovy, glp, health, ozempic, weight, hair, loss",1883,1095.072408074091,200851.0,11234.0,486.0,0,2026-05-18 09:30:53.077934+00:00
ypcQ5oPB6W0,How caffeine REALLY affects the brain,Doctor Myro,emerging_narrative,medium,Narrative cluster accelerating rapidly,21.018339883278248,0.3161,99,74,20,35,100,0.9916,103.59769941639124,0.0,neutral,joy,non_toxic,0.0066,0,9,4,"finasteride, video, medical, wegovy, glp, health, ozempic, weight, hair, loss",1883,1095.072408074091,200851.0,11234.0,486.0,0,2026-05-18 16:08:17.805041+00:00
43c3bynpYdQ,"Hantavirus : ""Une mortalité de 35 à 40 %, et aucun vaccin disponible""｜TF1 INFO",TF1 INFO,growth_spike,medium,Rapid growth acceleration detected,20.072440216391225,0.3151,99,74,20,35,100,0.9949,98.86915108195612,0.0,negative,neutral,non_toxic,0.0007,0,2,1,"medicine, hantavirus, mrna, health, fda, pfizer, covid, vaccines, diabetes, vaccine",1076,756.6681985704553,119446.0,910.0,364.0,0,2026-05-18 09:30:53.077934+00:00
43c3bynpYdQ,"Hantavirus : ""Une mortalité de 35 à 40 %, et aucun vaccin disponible""｜TF1 INFO",TF1 INFO,viral_emerging,high,High virality probability detected,20.072440216391225,0.3151,99,74,20,35,100,0.9949,98.86915108195612,0.0,negative,neutral,non_toxic,0.0007,0,2,1,"medicine, hantavirus, mrna, health, fda, pfizer, covid, vaccines, diabetes, vaccine",1076,756.6681985704553,119446.0,910.0,364.0,0,2026-05-18 16:08:17.805041+00:00
43c3bynpYdQ,"Hantavirus : ""Une mortalité de 35 à 40 %, et aucun vaccin disponible""｜TF1 INFO",TF1 INFO,emerging_narrative,medium,Narrative cluster accelerating rapidly,20.072440216391225,0.3151,99,74,20,35,100,0.9949,98.86915108195612,0.0,negative,neutral,non_toxic,0.0007,0,2,1,"medicine, hantavirus, mrna, health, fda, pfizer, covid, vaccines, diabetes, vaccine",1076,756.6681985704553,119446.0,910.0,364.0,0,2026-05-18 09:30:53.077934+00:00
ckOMGAqOqws,Shrithi kutty ku 3.5month vaccine potachu❤️🥺#newborn#vaccine#priyagugan#government#injection,Priyagugan♥️,viral_emerging,high,High virality probability detected,18.238248185414072,0.315,99,74,20,35,100,0.9975,89.69119092707035,0.0,positive,neutral,non_toxic,0.0038,0,2,1,"medicine, hantavirus, mrna, health, fda, pfizer, covid, vaccines, diabetes, vaccine",1076,726.3809300593322,138247.0,2974.0,90.0,0,2026-05-18 09:30:53.077934+00:00
ckOMGAqOqws,Shrithi kutty ku 3.5month vaccine potachu❤️🥺#newborn#vaccine#priyagugan#government#injection,Priyagugan♥️,growth_spike,medium,Rapid growth acceleration detected,18.238248185414072,0.315,99,74,20,35,100,0.9975,89.69119092707035,0.0,positive,neutral,non_toxic,0.0038,0,2,1,"medicine, hantavirus, mrna, health, fda, pfizer, covid, vaccines, diabetes, vaccine",1076,726.3809300593322,138247.0,2974.0,90.0,0,2026-05-18 09:30:53.077934+00:00
ZRZdBXeTO34,Biopharma SHAKTI Mission,GYRUS SULCUS,emerging_narrative,medium,Narrative cluster accelerating rapidly,16.811746516722774,0.3142,99,74,20,35,100,0.9978,82.55633258361387,0.0,neutral,neutral,non_toxic,0.0057,0,3,0,"pharmaceutical, pharma, 2026, eli, biopharma, squibb, myers, bristol, biosimilars, lilly",1800,992.4358975259256,3520120.0,98893.0,61.0,0,2026-05-18 09:30:53.077934+00:00
ZRZdBXeTO34,Biopharma SHAKTI Mission,GYRUS SULCUS,growth_spike,medium,Rapid growth acceleration detected,16.811746516722774,0.3142,99,74,20,35,100,0.9978,82.55633258361387,0.0,neutral,neutral,non_toxic,0.0057,0,3,0,"pharmaceutical, pharma, 2026, eli, biopharma, squibb, myers, bristol, biosimilars, lilly",1800,992.4358975259256,3520120.0,98893.0,61.0,0,2026-05-18 16:08:17.805041+00:00
ZRZdBXeTO34,Biopharma SHAKTI Mission,GYRUS SULCUS,viral_emerging,high,High virality probability detected,16.811746516722774,0.3142,99,74,20,35,100,0.9978,82.55633258361387,0.0,neutral,neutral,non_toxic,0.0057,0,3,0,"pharmaceutical, pharma, 2026, eli, biopharma, squibb, myers, bristol, biosimilars, lilly",1800,992.4358975259256,3520120.0,98893.0,61.0,0,2026-05-18 09:30:53.077934+00:00
XMup0awJOuw,Covid war ein Riesenexperiment!,{ungeskriptet} by Ben,viral_emerging,high,High virality probability detected,16.657753429360213,0.3131,99,74,20,35,100,0.9971,81.79121714680106,0.0,neutral,joy,non_toxic,0.0019,0,2,1,"medicine, hantavirus, mrna, health, fda, pfizer, covid, vaccines, diabetes, vaccine",1076,700.3110165844436,205360.0,9852.0,510.0,0,2026-05-18 09:30:53.077934+00:00
XMup0awJOuw,Covid war ein Riesenexperiment!,{ungeskriptet} by Ben,growth_spike,medium,Rapid growth acceleration detected,16.657753429360213,0.3131,99,74,20,35,100,0.9971,81.79121714680106,0.0,neutral,joy,non_toxic,0.0019,0,2,1,"medicine, hantavirus, mrna, health, fda, pfizer, covid, vaccines, diabetes, vaccine",1076,700.3110165844436,205360.0,9852.0,510.0,0,2026-05-18 16:08:17.805041+00:00
Y0mf1nAfU04,Tiger babu vaccine 💉🥲 #sirirathod #minivlog #trending #tigerbabu #bady #cute,Siri rathod,viral_emerging,high,High virality probability detected,16.064582458521375,0.3126,99,74,20,35,100,0.9972,78.82571229260688,0.0,neutral,neutral,non_toxic,0.0014,0,2,1,"medicine, hantavirus, mrna, health, fda, pfizer, covid, vaccines, diabetes, vaccine",1076,690.5248505656027,462954.0,18165.0,137.0,0,2026-05-18 16:08:17.805041+00:00
Y0mf1nAfU04,Tiger babu vaccine 💉🥲 #sirirathod #minivlog #trending #tigerbabu #bady #cute,Siri rathod,growth_spike,medium,Rapid growth acceleration detected,16.064582458521375,0.3126,99,74,20,35,100,0.9972,78.82571229260688,0.0,neutral,neutral,non_toxic,0.0014,0,2,1,"medicine, hantavirus, mrna, health, fda, pfizer, covid, vaccines, diabetes, vaccine",1076,690.5248505656027,462954.0,18165.0,137.0,0,2026-05-18 16:08:17.805041+00:00
lKyJaQGnTik,CUET ENGLISH COMPLETE GRAMMAR | ONE SHOT | COVERED EVERYTHING,Dear Sir,viral_emerging,high,High virality probability detected,15.85888179757027,0.312,99,74,20,35,100,0.9964,77.79920898785134,0.0,positive,fear,non_toxic,0.0006,0,2,7,"women, video, pregnancy, pharmacy, menopause, health, generic, medicine, ivf, fertility",1076,687.1373896599094,343075.0,14064.0,1323.0,0,2026-05-18 16:08:17.805041+00:00
lKyJaQGnTik,CUET ENGLISH COMPLETE GRAMMAR | ONE SHOT | COVERED EVERYTHING,Dear Sir,growth_spike,medium,Rapid growth acceleration detected,15.85888179757027,0.312,99,74,20,35,100,0.9964,77.79920898785134,0.0,positive,fear,non_toxic,0.0006,0,2,7,"women, video, pregnancy, pharmacy, menopause, health, generic, medicine, ivf, fertility",1076,687.1373896599094,343075.0,14064.0,1323.0,0,2026-05-18 09:30:53.077934+00:00
3Fpa4fGtgiQ,الاولاد الأذكياء وحقنة التطعيم | محمدالسيد,Mohamed Elsayed - محمد السيد,viral_emerging,high,High virality probability detected,15.237607359143928,0.3162,99,74,20,35,100,0.9959,74.66908679571964,0.0,neutral,joy,non_toxic,0.0251,0,2,1,"medicine, hantavirus, mrna, health, fda, pfizer, covid, vaccines, diabetes, vaccine",1076,676.8079864258748,93737.0,419.0,0.0,0,2026-05-18 09:30:53.077934+00:00
