keyword,video_id,comment_id,author,author_channel_url,text,like_count,published_at,updated_at,extracted_at
pfizer,ExEYxWgsYEU,UgybOvjV6-qmOfbgdst4AaABAg,@wlodekd9243,http://www.youtube.com/@wlodekd9243,"Bezczelne dranie, robią przekręty ,żeby koncerny zarobiły krocie a oni zachowali stołki..a na chore dzieci społeczeństwo musi robić zbiórk",2,2026-05-13T10:22:53Z,2026-05-13T10:22:53Z,2026-05-13T10:50:52.732532+00:00
pfizer,ExEYxWgsYEU,Ugz4PDFgHLB9gfXTP6F4AaABAg,@dorotastaron5023,http://www.youtube.com/@dorotastaron5023,Obciążyc kosztami tych którzy to zamawiali,1,2026-05-13T10:17:05Z,2026-05-13T10:17:05Z,2026-05-13T10:50:52.732532+00:00
pfizer,ExEYxWgsYEU,UgzWdZJGit52Gr1d1bt4AaABAg,@teresa.s.9268,http://www.youtube.com/@teresa.s.9268,To jest przekręt z udziałem rządu,0,2026-05-13T10:37:07Z,2026-05-13T10:37:07Z,2026-05-13T10:50:52.732532+00:00
pfizer,3tLXROZqzbc,UgxzDZFh1t--dOHUgN94AaABAg,@Atoutpoint,http://www.youtube.com/@Atoutpoint,"💉 la justice a remis le contrat Pfizer. Avec ARN. C'est pas joli joli. On aurait aimé qu'un débat soit ouvert. Mais aucun politique, et aucun media, n ont osés aborder ce sujet. C est fort déplorable... Le sujet est-il. Si piquant que cela ? ?? Je pense que nous sommes une unanimité à vouloir les réponses. Je veux dire publiquement. Et démocratiquement... Ne vous méprenez pas.. les contrat Pfizer sont déjà en ligne.. nous avons tout le temps... Sans vouloir dire de bêtises il me semble que les députés sénateurs et cetera sont exempts d.injection.. ce n'est pas mon cas j'ai simplement le droit de m'interroger..",1,2026-05-13T09:03:47Z,2026-05-13T09:17:44Z,2026-05-13T10:50:53.162163+00:00
pfizer,UhoekiDsRp4,UgwFnrqgA2LBhUh9jM54AaABAg,@SteveNowottny,http://www.youtube.com/@SteveNowottny,Full details here: https://fullfact.org/health/hantavirus-not-listed-side-effect-pfizer-covid-19-vaccine,0,2026-05-13T08:03:54Z,2026-05-13T08:03:54Z,2026-05-13T10:50:53.368178+00:00
pfizer,UhoekiDsRp4,Ugy4PTkv5z469wMLHmd4AaABAg,@ggsherr555,http://www.youtube.com/@ggsherr555,yeah its nothing to do with being sprayed with god knows what 24/7,0,2026-05-13T08:36:56Z,2026-05-13T08:36:56Z,2026-05-13T10:50:53.368178+00:00
pfizer,Y3n_Jee693I,Ugw8xet8WHhx9EgKjzJ4AaABAg,@ramoncapilla9610,http://www.youtube.com/@ramoncapilla9610,¡Que curioso! El laboratorio supo aprovechar la ocasión.,1,2026-05-12T20:52:23Z,2026-05-12T20:52:23Z,2026-05-13T10:50:55.769146+00:00
pfizer,dLxxAEK-drs,UgyT4dygWKTOlOpm7q14AaABAg,@MrAnonnyms,http://www.youtube.com/@MrAnonnyms,"So how did they have Hantavirus during monitoring, if it’s only by rodent-borne viruses ? Also good to know that there are 38 variants and only 1 can be spread between humans, and it’s only with a prolonged physical contact (kissing, bed, share the same glass for a minimum time..). 

So unless you have this answer, well.. You don’t have to think a lot to know where does it come from.",2,2026-05-12T16:23:42Z,2026-05-12T16:26:15Z,2026-05-13T10:50:56.205056+00:00
pfizer,dLxxAEK-drs,UgzOnZAeRLtrBrPsRGx4AaABAg,@psysmurf8117,http://www.youtube.com/@psysmurf8117,"Well you sound legit 😂 and especially after you informing us it has been “fact checked” 😂. 
It was “fact checked” that Covid didn’t come from a lad! Well it did! 
This video is such BS",3,2026-05-12T18:01:07Z,2026-05-12T18:01:07Z,2026-05-13T10:50:56.205056+00:00
pfizer,dLxxAEK-drs,Ugw4ID0YE-AXd8zXYxZ4AaABAg,@menopriezvisko1840,http://www.youtube.com/@menopriezvisko1840,"Since the fake vaccine Moderna killed my beloved Mom, I do not trust you anymore! All your ""experts""...",0,2026-05-13T09:13:15Z,2026-05-13T09:13:15Z,2026-05-13T10:50:56.205056+00:00
pfizer,vj7fntANj8k,UgypMjeDtfD3O8JHLjx4AaABAg,@SXsoft99,http://www.youtube.com/@SXsoft99,Iar au inceput?,7,2026-05-12T14:50:28Z,2026-05-12T14:50:28Z,2026-05-13T10:50:56.977248+00:00
pfizer,vj7fntANj8k,UgzfyC598vcer_rFS9N4AaABAg,@ruptdinsoare,http://www.youtube.com/@ruptdinsoare,Românașii sunt cei mai deștepți din galaxie.,8,2026-05-12T14:13:56Z,2026-05-12T14:13:56Z,2026-05-13T10:50:56.977248+00:00
pfizer,vj7fntANj8k,UgwDd32Yh68X0OM_52x4AaABAg,@VodaLacusta-ix3bf,http://www.youtube.com/@VodaLacusta-ix3bf,ARMA  MODERNA  DE  ATAC  LEGAL  SI  INTERZICEREA  AUTOAPARARII  ESTE   SIRINGA  !!  NAZISTII NU  AU  MURIT  EI  SUNT  UN  GUVERNE  SI  ORGANIZATII !  😂😂😂,5,2026-05-12T16:10:25Z,2026-05-12T16:10:25Z,2026-05-13T10:50:56.977248+00:00
pfizer,vj7fntANj8k,UgwoKVpmAvAeVTY9pRR4AaABAg,@charliemihai5471,http://www.youtube.com/@charliemihai5471,Ca faci sau ba hanta de la vaccinul arnM ? Irelevant. Faci sigur miocardita si periocardita.,3,2026-05-12T12:43:36Z,2026-05-12T12:43:36Z,2026-05-13T10:50:56.977248+00:00
pfizer,vj7fntANj8k,UgwsXfkFEvBe7ZoPaBV4AaABAg,@VodaLacusta-ix3bf,http://www.youtube.com/@VodaLacusta-ix3bf,Si VIRSUL  SI  antidotul  sunt  UN  COCTEIL  LETAL !  😂😂😂  CARE  UCIDE  VICTIMILE  IMEDIAT SAU LENT ..😂😂,3,2026-05-12T16:06:18Z,2026-05-12T16:06:18Z,2026-05-13T10:50:56.977248+00:00
pfizer,vj7fntANj8k,UgyRQLoaMpOFbMpjbjB4AaABAg,@iuliana1813,http://www.youtube.com/@iuliana1813,Incep reclamele la produse injectabile?,1,2026-05-12T17:17:46Z,2026-05-12T17:17:46Z,2026-05-13T10:50:56.977248+00:00
pfizer,vj7fntANj8k,UgxWIhi6E9ydvKIW5XJ4AaABAg,@VodaLacusta-ix3bf,http://www.youtube.com/@VodaLacusta-ix3bf,TOTI  VIRUSI  PULVERIZATI  IN  PLANDEMII   SUNT  TRECUTI  IN DOCUMENTELE  NATO  SI LABORATOARELE  AMERICANE  CA  ARME  BIOLOGICE  !! DE  EXTERMINARE  IN  MASA A  POPULATIILOR  PASNICE  SI  NE  INARMATE ! 😂..SA  INCEAPA DISTRACTIA  PRROSTILOR,1,2026-05-12T16:05:01Z,2026-05-12T16:05:01Z,2026-05-13T10:50:56.977248+00:00
pfizer,vj7fntANj8k,UgyzyPs3OCJRKkPcPRB4AaABAg,@dobrecristian5881,http://www.youtube.com/@dobrecristian5881,ala are 42 de cuvinte in vocabular dar aparent se pricepe la virusi.:)) iar incep astia cu tot felul de conspiratii.,2,2026-05-12T15:36:51Z,2026-05-12T15:36:51Z,2026-05-13T10:50:56.977248+00:00
pfizer,vj7fntANj8k,Ugxc5zEKjGtv5jsmGx94AaABAg,@edicostelpopa1990,http://www.youtube.com/@edicostelpopa1990,Mamaaaaa 😔🥺😢😢iar sant Romanii destepti 🥺🥺🥺Santeti Tampiti!,1,2026-05-12T19:28:38Z,2026-05-12T19:28:38Z,2026-05-13T10:50:56.977248+00:00
pfizer,vj7fntANj8k,UgzfoH2JdR0fAEBSVSJ4AaABAg,@auraungureanu-sm6xp,http://www.youtube.com/@auraungureanu-sm6xp,"Numai tampenii , dar stilul de viata ce il avem ce zici? 😂",2,2026-05-12T14:49:11Z,2026-05-12T14:49:11Z,2026-05-13T10:50:56.977248+00:00
pfizer,vj7fntANj8k,Ugy0xl1KtgVxPhWTr4B4AaABAg,@ionelscutaru8687,http://www.youtube.com/@ionelscutaru8687,Ma gandesc ca toti comentacii conspirationisti n-au reusit sa trrmine o facultate de chimie/biologie!,1,2026-05-12T22:25:52Z,2026-05-12T22:25:52Z,2026-05-13T10:50:56.977248+00:00
pfizer,vj7fntANj8k,UgyQCIepbrw9vr0IbqF4AaABAg,@paulafilip8944,http://www.youtube.com/@paulafilip8944,Asa este,0,2026-05-12T12:13:10Z,2026-05-12T12:13:10Z,2026-05-13T10:50:56.977248+00:00
pfizer,vj7fntANj8k,UgySzz9Z1bAITFhcvld4AaABAg,@claudiaciornea1910,http://www.youtube.com/@claudiaciornea1910,😂😂😂😂,1,2026-05-13T03:37:51Z,2026-05-13T03:37:51Z,2026-05-13T10:50:56.977248+00:00
pfizer,vj7fntANj8k,UgwOelA-dbx0FAPf-Ul4AaABAg,@dumitru1504,http://www.youtube.com/@dumitru1504,🤦,1,2026-05-12T12:03:02Z,2026-05-12T12:03:02Z,2026-05-13T10:50:56.977248+00:00
pfizer,vj7fntANj8k,UgxgN-a_m-koXFSG8aV4AaABAg,@VodaLacusta-ix3bf,http://www.youtube.com/@VodaLacusta-ix3bf,FUGITI  SI  APARATIVA  VIATA   DE  NOILE  ATACURI  CU  SIRINGA  LETALA  !  A  EXTRATERESTRILOR  CARE  VOR  SA  NE  EXTERMINE  CA  SA  NE  OCUPE  PLANETA  !!,0,2026-05-12T16:11:37Z,2026-05-12T16:11:37Z,2026-05-13T10:50:56.977248+00:00
pfizer,vj7fntANj8k,Ugy3rN-xP7BKDbQeBpl4AaABAg,@borea-f9o,http://www.youtube.com/@borea-f9o,va credem,0,2026-05-12T17:24:01Z,2026-05-12T17:24:01Z,2026-05-13T10:50:56.977248+00:00
pfizer,vj7fntANj8k,UgzTE4FDCDNq5r3B5KJ4AaABAg,@zorojesi9414,http://www.youtube.com/@zorojesi9414,Ce prostie doar informati total false .,1,2026-05-12T12:22:41Z,2026-05-12T12:22:41Z,2026-05-13T10:50:56.977248+00:00
pfizer,vj7fntANj8k,UgzUnoW-R36drYVi3J14AaABAg,@ionelfatu2515,http://www.youtube.com/@ionelfatu2515,Astia nu stiu 2 plus 2 inmultit cu 2...astia lucreaza la ministerul opiniilor si parerilor.,0,2026-05-13T06:31:05Z,2026-05-13T06:31:05Z,2026-05-13T10:50:56.977248+00:00
pfizer,vj7fntANj8k,UgwAPv8kqRebjiEuBMl4AaABAg,@danielapetronelabompa6377,http://www.youtube.com/@danielapetronelabompa6377,"M,am vaccinat de doua ori pentru virusul corona...nu am Miocardita,nu am Hantavirus( purtatorii sunt soarecii si sobolanii,orice aliment,cu care au venit ei in contact,transmite mai departe virusul,mai ales  daca acel aliment este consumat de om)...informatia ta e gresita...eu sunt pentru vaccinare,ne salveaza viata,ajuta sistemul imunitar...au existat miocardite si virus hanta si la inceputul anului 1900...virusul corona a fost descoperit la microscop in 1936...asa ca incetati cu presupusurile...",4,2026-05-12T13:12:13Z,2026-05-12T13:12:13Z,2026-05-13T10:50:56.977248+00:00
pfizer,vj7fntANj8k,Ugxa1ib1V3lc_SJBcp94AaABAg,@walk-4-you,http://www.youtube.com/@walk-4-you,"Tu te odihnesti suficient!?... 
Mare e gradina ta !",0,2026-05-13T07:38:23Z,2026-05-13T07:38:23Z,2026-05-13T10:50:56.977248+00:00
pfizer,2XqdVlIx3i4,UgxhbGwduHGSqH_2yvp4AaABAg,@kerstin638,http://www.youtube.com/@kerstin638,Von Anfang an hab ich den Mist nicht geglaubt.,26,2026-05-12T13:05:14Z,2026-05-12T13:05:14Z,2026-05-13T10:50:57.452564+00:00
pfizer,2XqdVlIx3i4,UgzUKSDXlSgIyi8UzXV4AaABAg,@ACC-d4l,http://www.youtube.com/@ACC-d4l,Es wurde der erste Versuch der Unterdrückung gestartet..... Die WHO und ihre Geldgeber wollen die absolute Herrschaft......,17,2026-05-12T16:45:04Z,2026-05-12T16:45:04Z,2026-05-13T10:50:57.452564+00:00
pfizer,2XqdVlIx3i4,UgzqMo1EB98MI4oR0qJ4AaABAg,@renateknz,http://www.youtube.com/@renateknz,LOGISCH  DASS  ES  SO  WAR.  NUR  ZU  WEING  BÜRGER   D.H.   W I R  HABEN  DIESES  VERBRECHEN  VIEL  ZU  SPÄT  BEGRIFEN.  😮😮😮😮😢😢😢😢😢😢,14,2026-05-12T11:07:51Z,2026-05-12T11:08:32Z,2026-05-13T10:50:57.452564+00:00
pfizer,2XqdVlIx3i4,Ugz8BW64r72aPg13rJF4AaABAg,@Behoedhetdenkvermogen,http://www.youtube.com/@Behoedhetdenkvermogen,📜 die Bibel warnt fur alles und alles ist vorhergesagt:,7,2026-05-12T11:25:52Z,2026-05-12T11:25:52Z,2026-05-13T10:50:57.452564+00:00
pfizer,2XqdVlIx3i4,UgwhM4wF_2_erYwMDhx4AaABAg,@DorfBewohner-g2m,http://www.youtube.com/@DorfBewohner-g2m,"Eine große Masse an Menschen hat dies vorhergesagt, diese wurden verspottet",2,2026-05-12T19:04:21Z,2026-05-12T19:04:21Z,2026-05-13T10:50:57.452564+00:00
pfizer,2XqdVlIx3i4,UgwrfzSCN1V2c91CFAh4AaABAg,@katrinmuller8533,http://www.youtube.com/@katrinmuller8533,Das neue BUCH von Helmut Sterz u Prof.  BHAKDI  zu mRNA IMPFUNGEN sollten ALLE lesen.  Das grösste organisierte VERBRECHEN gegen die Menschheit,17,2026-05-12T13:17:10Z,2026-05-12T13:17:10Z,2026-05-13T10:50:57.452564+00:00
pfizer,2XqdVlIx3i4,Ugw4b41r-lzyNY53N_14AaABAg,@Behoedhetdenkvermogen,http://www.youtube.com/@Behoedhetdenkvermogen,Jeremia 23:1 Wehe den Hirten die die Schafe meiner Weide umbringen und zerstreuen‼️,7,2026-05-12T11:33:32Z,2026-05-12T11:33:32Z,2026-05-13T10:50:57.452564+00:00
pfizer,2XqdVlIx3i4,UgwVokOSshPTWc6ny5B4AaABAg,@DG.Banner,http://www.youtube.com/@DG.Banner,"Ich war von Anfang an skeptisch und hatte mich nicht impfen lassen, Gott sei Dank!
Hoffentlich wachen die Menschen auf , das es nicht nochmal passieren kann!",0,2026-05-13T09:59:59Z,2026-05-13T10:00:45Z,2026-05-13T10:50:57.452564+00:00
pfizer,2XqdVlIx3i4,Ugykj4qIQ80XY8FU0Ch4AaABAg,@oelbohrer,http://www.youtube.com/@oelbohrer,"Jahrzehnte lang wurden diese PCR-Tests per Wangen-Innenabstrich durch geführt. (Z.B. DNA Feststellung bei der Verbrecherjagd) 
Plötzlich muss man das Staberl aber durch die Nase bis knapp an die Schädelbasis führen... warum? 
(Am Ende ging es dann doch wieder per Wangen-Innenabstrich) 
Das war Teil des Spiels, um ordentlich Eindruck zu hinterlassen, reine Schikane.",11,2026-05-12T10:56:47Z,2026-05-12T10:57:24Z,2026-05-13T10:50:57.452564+00:00
pfizer,2XqdVlIx3i4,UgzgyxXMtDYJZo-CxOZ4AaABAg,@VanessaM-v5f,http://www.youtube.com/@VanessaM-v5f,🤔🤔👍👍💪🏼💪🏼,4,2026-05-12T10:17:35Z,2026-05-12T10:17:35Z,2026-05-13T10:50:57.452564+00:00
pfizer,2XqdVlIx3i4,UgzxUlrc7Y3EBJZoYfh4AaABAg,@stefanschwede5861,http://www.youtube.com/@stefanschwede5861,sehr gut^^,3,2026-05-12T10:11:14Z,2026-05-12T10:11:14Z,2026-05-13T10:50:57.452564+00:00
pfizer,2XqdVlIx3i4,Ugw8EoUghT9-UzEw1v94AaABAg,@bobquinones-c8n,http://www.youtube.com/@bobquinones-c8n,"While retail focuses on pumps, I’m looking at project survivability. Cadween’s architecture matters.",1,2026-05-12T20:01:38Z,2026-05-12T20:01:38Z,2026-05-13T10:50:57.452564+00:00
pfizer,2XqdVlIx3i4,Ugyz0kyL0t-LedQN9DV4AaABAg,@BarbaraNagat,http://www.youtube.com/@BarbaraNagat,Man konnte es von Anfang wissen.😮😮😮,0,2026-05-13T05:31:07Z,2026-05-13T05:31:07Z,2026-05-13T10:50:57.452564+00:00
pfizer,2XqdVlIx3i4,Ugz6TeclF-0flFZ9bBB4AaABAg,@esaufelder,http://www.youtube.com/@esaufelder,"You know that feeling when you stumble onto something early, and every piece just fits? That’s how Cadween´s CWN token feels right now. This could be one of those legendary presales.",1,2026-05-12T20:01:15Z,2026-05-12T20:01:15Z,2026-05-13T10:50:57.452564+00:00
pfizer,2XqdVlIx3i4,UgwFXpoZcQd2O-cjW9R4AaABAg,@serenaclose-o3m,http://www.youtube.com/@serenaclose-o3m,The best plays aren’t always trending on Twitter. Sometimes they’re in quiet communities building something real. That’s Cadween right now—and those are the entries you remember for years.,1,2026-05-12T19:59:42Z,2026-05-12T19:59:42Z,2026-05-13T10:50:57.452564+00:00
pfizer,2XqdVlIx3i4,UgzL7o-tdptE8POEj_V4AaABAg,@shreyaarce,http://www.youtube.com/@shreyaarce,Time is running out! Cadween presale is nearly full—act fast before it closes!,1,2026-05-12T20:01:25Z,2026-05-12T20:01:25Z,2026-05-13T10:50:57.452564+00:00
pfizer,2XqdVlIx3i4,UgzcljH3hQoha0AfBN94AaABAg,@ulfkritzel,http://www.youtube.com/@ulfkritzel,Auch schon wach,0,2026-05-13T09:48:09Z,2026-05-13T09:48:09Z,2026-05-13T10:50:57.452564+00:00
pfizer,2XqdVlIx3i4,UgxBdbD5T0f2Gax2vB94AaABAg,@theodorepecou,http://www.youtube.com/@theodorepecou,"Tokenomics on point, a strong development fund, and a clear focus on community growth, Cadween has it all!",0,2026-05-12T20:01:20Z,2026-05-12T20:01:20Z,2026-05-13T10:50:57.452564+00:00
pfizer,2XqdVlIx3i4,UgxIDN4DU9fg52DTob54AaABAg,@ronaldkreutzmann4896,http://www.youtube.com/@ronaldkreutzmann4896,"Krankenhausschließungen während einer Pandemie ? absolut , sogar Lungenklinik",0,2026-05-12T22:48:34Z,2026-05-12T22:48:34Z,2026-05-13T10:50:57.452564+00:00
pfizer,2XqdVlIx3i4,UgwuZTSugqEJqTFdY0p4AaABAg,@ricardastreet,http://www.youtube.com/@ricardastreet,Every cycle has a few projects that come out of nowhere and crush. Cadween CWN has that energy.,0,2026-05-12T20:00:52Z,2026-05-12T20:00:52Z,2026-05-13T10:50:57.452564+00:00
pfizer,2XqdVlIx3i4,UgxENRBCtwlngQcHCbZ4AaABAg,@melodyporter-r5y,http://www.youtube.com/@melodyporter-r5y,The Cadween team is setting the bar high for presales. Transparency + bonuses = community trust!,0,2026-05-12T20:00:57Z,2026-05-12T20:00:57Z,2026-05-13T10:50:57.452564+00:00
pfizer,2XqdVlIx3i4,UgzD9dVMBLZ1F02vKUN4AaABAg,@granadoshaddad,http://www.youtube.com/@granadoshaddad,Participated in the Cadween CWN presale today—super smooth process and incredible potential rewards!,0,2026-05-12T19:59:47Z,2026-05-12T19:59:47Z,2026-05-13T10:50:57.452564+00:00
pfizer,2XqdVlIx3i4,UgxvKZuS9dZ9z9iMjHF4AaABAg,@evelynchristenson-z9k,http://www.youtube.com/@evelynchristenson-z9k,Projects like Cadween CWN with strong use cases and a clear vision often lead the next bull run. Definitely worth considering!,0,2026-05-12T19:59:59Z,2026-05-12T19:59:59Z,2026-05-13T10:50:57.452564+00:00
pfizer,2XqdVlIx3i4,UgwXM9vjr29vR2eCIfd4AaABAg,@blathnaidmooney-g8l,http://www.youtube.com/@blathnaidmooney-g8l,"You don’t need a hundred presales—just one good one with real fundamentals. Cadween is that presale. Loaded with features and hitting the AI/DeFi narrative hard, it’s got long-term winner written all over it",0,2026-05-12T20:01:32Z,2026-05-12T20:01:32Z,2026-05-13T10:50:57.452564+00:00
pfizer,2XqdVlIx3i4,Ugx2hN9UZjinQ-XaO7x4AaABAg,@DieterBohlen-b9f,http://www.youtube.com/@DieterBohlen-b9f,"Ach nee !!! Jeder selbst schuld, wer sich den Dreck hat spritzen lassen",0,2026-05-13T09:47:04Z,2026-05-13T09:47:04Z,2026-05-13T10:50:57.452564+00:00
pfizer,2XqdVlIx3i4,UgxGo4RglMnaNW7he5l4AaABAg,@billkidwell-u8g,http://www.youtube.com/@billkidwell-u8g,ICO of the year? Cadween CWN is definitely in the running with its unique approach to DeFi and AI.,0,2026-05-12T19:59:19Z,2026-05-12T19:59:19Z,2026-05-13T10:50:57.452564+00:00
pfizer,2XqdVlIx3i4,UgzAwIUXbWZ2mQq8VI94AaABAg,@downingsarkar,http://www.youtube.com/@downingsarkar,Investing in Cadween CWN presale feels like catching Ethereum in its early days. Huge potential here!,0,2026-05-12T20:00:23Z,2026-05-12T20:00:23Z,2026-05-13T10:50:57.452564+00:00
pfizer,2XqdVlIx3i4,Ugxj2enZFd1lQuxWsGp4AaABAg,@ThePunisher666D,http://www.youtube.com/@ThePunisher666D,Ach was. Hat man auch überhaupt nicht erkennen können dieses Planspiel!!!😂,0,2026-05-13T04:22:41Z,2026-05-13T04:22:41Z,2026-05-13T10:50:57.452564+00:00
pfizer,2XqdVlIx3i4,UgzdXS8G_5vmsl0TX8B4AaABAg,@kallemaier5578,http://www.youtube.com/@kallemaier5578,Kann man dich mal in El Salvador besuchen.,2,2026-05-12T15:05:48Z,2026-05-12T15:05:48Z,2026-05-13T10:50:57.452564+00:00
pfizer,2XqdVlIx3i4,Ugy06i8hhM7btrtVpst4AaABAg,@herberthaberl6176,http://www.youtube.com/@herberthaberl6176,"Mord verjährt nie! C-Staaten verübten durch den Impfbetrug 'Impfen schützt dich und ANDERE' das größte zivile Infektions- und Tötungsverbrechen! Da die EU-Kommission die Impfung NICHT zum Fremdschutz zugelassen hat (21.12.2020), hätte eine unabhängige Justiz alle Impfbetrüger und die WHO (Sponsor Bill Gates), EU-Kommission, Gesundheitsminister, Ärztekammern und Faktenchecker, die alle die Fremdschutz-Nichtzulassung verschleiert und lebensrettende Warnungen vor Infektionen durch Geimpfte unterlassen haben, wegen Masseninfektion/-tötung und Multimilliardenbetrug verfolgt und gefakte Fremdschutzimpfungen/ -impfpflichten verboten! Stattdessen ließ sie zu, dass Geimpfte durch den nie auf Fremdschutz getesteten Impfstoff (laut Pfizermanagerin Small!) und durch ihre 'Impfbelohnung', die Aufhebung ihrer schützenden Kontaktvorsicht, mit Vorsatz und Heimtücke ans offene Messer ihrer eigenen Viruseskalation geliefert und zu Virusopfern/ -verbreitern gemacht wurden! Durch ihren Missbrauch als Infektionsturbo wurden weltweit Millionen Geimpfte getötet! 

Profiteure des mörderischen Plans, fremdschutzlose Spritzen als lukrative Herdenschutz auslösende 'nebenswirkungsfreie' 'Gamechanger' zu faken und selbst- und fremdgefährdende geimpfte Virusverbreiter als 'solidarische Lebensretter und Fremdschutzverbreiter' zu inszenieren, waren Big Pharma und eventuelle wissenschaftliche, medizinische und politische Provisionsbezieher, deren Lügen Familien, Freunde und Kollegen spalteten! Die 'Pandemie der Ungeimpften' - Weltärztepräsident Montgomery nannte sie 'Tyrannen' - war aufgrund ihrer Freiheitsberaubung und ständigen Tests absurd! Die jetzt aufarbeitungsunwilligen Regierungen lasteten ihnen wissentlich die Pandemie der Geimpften an, die sie selbst verursachten!

Todesopfer waren meist Alte und Vulnerable, für deren geplante Infektion sich ahnungslose Angehörige und Betreuer impfen ließen/lassen mussten! Die skrupellosen Täter schreckten nicht einmal vor der Impfvergewaltigung von Kindern und Jugendlichen durch die Lüge 'Enkel schützen Großeltern' zurück! Die Eigenschutzlüge 'Impfen schützt vor Krankheit, Hospitalisierung und Tod' maximierte die Opferzahl, da sie einen sicheren Eigenschutz fakte! Tatsächlich erfolgte die Eigenschutzzulassung am 21.12.2020 aber für den vertraglich unverbindlichen, erst post vac feststellbaren, experimentellen Eigenschutz, der laut US-Gesundheitsbehörde erst ab dritten Impfungen über der körpereigenen Immunabwehr lag, bei Zweifachmpfungen nicht!

Van der Leyen besorgte für die Infektionsfalle der Geimpften 4,5 Milliarden Anti-Fremdschutzspritzen (= je 13 für die 338 Mio. EU-Geimpften)! Ergebnis: 20% mehr C-Tote als 2020 ohne Impfung in 'meinem' 'koste es was es wolle' Lockdown-Österreich und umso mehr Nebenwirkungsopfer, je höher die erlogene Impfquote stieg! Schweden, das Geimpfte nicht belog, vermied durch ihre Kontaktvorsicht den Impfsupergau, Lockdowns, Maskenpflicht...! Unsere Justiz verfolgte weiter die Gegner der Impfbetrüger, die sie vor den im Arzneimittelgesetz verlangten Haftstrafen wegen Irreführung schützte!

§6 (2) ""Es ist ferner verboten, im Zusammenhang mit dem Inverkehrbringen von Arzneimitteln oder Wirkstoffen über diese den Tatsachen nicht entsprechende oder zur Irreführung geeignete Angaben zu machen.""
(3) ""Eine Irreführung liegt insbesondere dann vor, wenn ihnen eine Eigenschaft beigemessen wird, die nach dem jeweiligen Stand der wissenschaftlichen Erkenntnisse oder nach den praktischen Erfahrungen nicht hinreichend belegt ist, oder fälschlich der Eindruck erweckt wird, dass ein Erfolg zu erwarten ist"" ...",0,2026-05-13T09:54:26Z,2026-05-13T09:54:26Z,2026-05-13T10:50:57.452564+00:00
pfizer,2XqdVlIx3i4,UgzLiQ92L1HENbq60MF4AaABAg,@alenzidanic1735,http://www.youtube.com/@alenzidanic1735,"Keine experiment !
Das ist alles vorbereitet. 
Depopulattion",0,2026-05-12T20:53:07Z,2026-05-12T20:53:07Z,2026-05-13T10:50:57.452564+00:00
pfizer,2XqdVlIx3i4,UgykJV2b94rg4hv6lbt4AaABAg,@hildearon8319,http://www.youtube.com/@hildearon8319,Warum jetzt mit der Wahrheit rausrücken? Vorher hat er keine Eier in der Hose um sich hinzustellen und sagen was sache ist jetzt ist es zu spät und viele viele menschen auf dem gewissen,0,2026-05-13T05:26:53Z,2026-05-13T05:26:53Z,2026-05-13T10:50:57.452564+00:00
pfizer,2XqdVlIx3i4,UgwRFea4e7O54TQGpqF4AaABAg,@jinousmamula,http://www.youtube.com/@jinousmamula,ICOs like Cadween CWN thrive during alt runs. Early investment now could mean massive gains in the near future!,0,2026-05-12T20:00:46Z,2026-05-12T20:00:46Z,2026-05-13T10:50:57.452564+00:00
pfizer,2XqdVlIx3i4,UgwdVUC6pnOCSfgrfhp4AaABAg,@dillmazurek,http://www.youtube.com/@dillmazurek,"Cadween CWN about to hit full allocation — after that, you’ll be buying from someone else.",0,2026-05-12T20:00:29Z,2026-05-12T20:00:29Z,2026-05-13T10:50:57.452564+00:00
pfizer,2XqdVlIx3i4,UgzKS1Ak6uDsCfkIKOd4AaABAg,@paulinocasio-y9k,http://www.youtube.com/@paulinocasio-y9k,Big players want data transparency. Cadween’s ecosystem is built to deliver that.,0,2026-05-12T19:59:01Z,2026-05-12T19:59:01Z,2026-05-13T10:50:57.452564+00:00
pfizer,2XqdVlIx3i4,UgzyomMwErbWWCm_g3x4AaABAg,@andreasbesancon4106,http://www.youtube.com/@andreasbesancon4106,"Und das wusste jeder, der einen gesunden Menschenverstand hatte und sich nicht mit der Tagesschau informiert hat.Das hat die halbe Menschheit gewusst. Die andere Hälfte hat Tagesschau gesehen und sind zum impfen gerannt als gäbe es kein morgen.",0,2026-05-13T08:39:47Z,2026-05-13T08:39:47Z,2026-05-13T10:50:57.452564+00:00
pfizer,2XqdVlIx3i4,UgzxPgBsYpQS9fxh6uF4AaABAg,@1963geier,http://www.youtube.com/@1963geier,"Für mich war es eine Welt Kontrolle,und deswegen bin ich ungeimpft 😊",0,2026-05-12T21:03:49Z,2026-05-12T21:03:49Z,2026-05-13T10:50:57.452564+00:00
pfizer,2XqdVlIx3i4,UgxZPPgRaGrEDTuLvAl4AaABAg,@simone-kz9ym,http://www.youtube.com/@simone-kz9ym,"Die Pandemiesauerei ist das Eine.
Viel schlimmer aber ist, daß die Menschen nicht mehr vertrauen und dies macht ein vernünftiges Leben unmöglich. Selbst wenn die Wahrheit gesagt wird, dif Menschen vertrauen nicht mehr. Dies hat jedem Mist Tür und Tor geöffnet. 
Es ist absolut  verwerflich so ein Menschenexperiment zu machen und die deutsche Bevölkerung wird immer weiter verachtet.",0,2026-05-12T20:52:02Z,2026-05-12T20:52:02Z,2026-05-13T10:50:57.452564+00:00
pfizer,2XqdVlIx3i4,UgxkmIpo4Ru614rNYoV4AaABAg,@zoimcdole,http://www.youtube.com/@zoimcdole,"The roadmap reminds me of early Chainlink — not flashy, but powerful if it works. If Cadween delivers even 60%, it’s going to be massive.",0,2026-05-12T19:59:07Z,2026-05-12T19:59:07Z,2026-05-13T10:50:57.452564+00:00
pfizer,2XqdVlIx3i4,UgxeVlCQqbG2c9QyibR4AaABAg,@khalilconner-x9b,http://www.youtube.com/@khalilconner-x9b,"Why invest in Cadween CWN presale? Simple: cutting-edge technology, real-world use cases, and massive growth potential.",0,2026-05-12T20:01:08Z,2026-05-12T20:01:08Z,2026-05-13T10:50:57.452564+00:00
pfizer,2XqdVlIx3i4,UgztLcUwKTfG-Yu1iJt4AaABAg,@alexmccray-i7b,http://www.youtube.com/@alexmccray-i7b,"It's early now, but I guarantee you’ll start seeing Cadween all over crypto Twitter soon. Someone like Jake Paul or Logan is bound to jump on it — it’s just got that viral vibe.",0,2026-05-12T19:59:53Z,2026-05-12T19:59:53Z,2026-05-13T10:50:57.452564+00:00
pfizer,2XqdVlIx3i4,UgwmlEef7017BMf485N4AaABAg,@yevhalsey,http://www.youtube.com/@yevhalsey,Cadween innovative AI tools combined with its scalable DeFi solutions make it a game-changer in the crypto space. Early investment opportunities like this don't come often!,0,2026-05-12T20:00:35Z,2026-05-12T20:00:35Z,2026-05-13T10:50:57.452564+00:00
pfizer,2XqdVlIx3i4,UgyPGwLbccD6PePKfqV4AaABAg,@joesphlemm,http://www.youtube.com/@joesphlemm,Looking for a presale with strong fundamentals? Cadween CWN is delivering on all fronts!,0,2026-05-12T19:59:30Z,2026-05-12T19:59:30Z,2026-05-13T10:50:57.452564+00:00
pfizer,2XqdVlIx3i4,UgzPhuoaq_0_be6NdN54AaABAg,@christinnemount,http://www.youtube.com/@christinnemount,"Trump is for crypto, and new projects like Cadween will rise now when he is in the Office.",0,2026-05-12T20:00:06Z,2026-05-12T20:00:06Z,2026-05-13T10:50:57.452564+00:00
pfizer,2XqdVlIx3i4,UgwjTBs475TDw6xroiJ4AaABAg,@turkbiker8479,http://www.youtube.com/@turkbiker8479,FFP2 Staubmaske für unserem Gesundheit mit gesetzt aufgezwungen. Mafia Methode,0,2026-05-13T05:13:39Z,2026-05-13T05:13:39Z,2026-05-13T10:50:57.452564+00:00
pfizer,1ML19Y9Nca4,UgyJVaHKSOkhEgXUeMB4AaABAg,@CryptoYeti-y7r,http://www.youtube.com/@CryptoYeti-y7r,🚀 Website: https://kardwen.icu/?ref=KaVxK,0,2026-05-12T08:30:42Z,2026-05-12T08:30:42Z,2026-05-13T10:50:57.778334+00:00
pfizer,UpNH77eK0Sc,UgwDnovd2TwQrBqrtHp4AaABAg,@ThéoQuanta-1122,http://www.youtube.com/@Th%C3%A9oQuanta-1122,👍👍👍,1,2026-05-12T10:22:15Z,2026-05-12T10:22:15Z,2026-05-13T10:50:57.976764+00:00
pfizer,UpNH77eK0Sc,UgyHirWS7VsLokY0yvV4AaABAg,@Phériphas,http://www.youtube.com/@Ph%C3%A9riphas,Il faudra un grand Nuremberg 2,0,2026-05-13T04:34:59Z,2026-05-13T04:34:59Z,2026-05-13T10:50:57.976764+00:00
pfizer,m0TfQZf20oQ,UgxrswSUnZJ7S3H7w_54AaABAg,@ThéoQuanta-1122,http://www.youtube.com/@Th%C3%A9oQuanta-1122,👍👍👍,1,2026-05-12T10:21:22Z,2026-05-12T10:21:22Z,2026-05-13T10:50:58.174985+00:00
pfizer,MxDe679Aa4M,UgwRWwYvBGRJzzZtUOh4AaABAg,@ThéoQuanta-1122,http://www.youtube.com/@Th%C3%A9oQuanta-1122,👍👍👍,1,2026-05-12T10:23:56Z,2026-05-12T10:23:56Z,2026-05-13T10:50:58.562204+00:00
pfizer,MxDe679Aa4M,UgyxrM37iq5Q2gCxTlp4AaABAg,@UrekMazino-b4f,http://www.youtube.com/@UrekMazino-b4f,"Escroquerie organisée mais tout fonctionne comme ça actuellement,un pillage en règle",0,2026-05-12T11:30:38Z,2026-05-12T11:30:38Z,2026-05-13T10:50:58.562204+00:00
pfizer,vLh8a5WOiKY,UgwYIcXv--guZlFqCaV4AaABAg,@delphinelafee,http://www.youtube.com/@delphinelafee,Tous en prison !! 😡😡,4,2026-05-12T08:36:21Z,2026-05-12T08:36:21Z,2026-05-13T10:50:58.777545+00:00
pfizer,vLh8a5WOiKY,Ugy0D6311RSCALQD0zZ4AaABAg,@marie-dominiquemollard8135,http://www.youtube.com/@marie-dominiquemollard8135,Tous au bagne !  La prison c ’ est trop cool !,1,2026-05-12T10:46:23Z,2026-05-12T10:46:23Z,2026-05-13T10:50:58.777545+00:00
pfizer,vLh8a5WOiKY,UgxKf2DJDmLichjUmLx4AaABAg,@zorbakouaik2245,http://www.youtube.com/@zorbakouaik2245,Ils doivent rembourser avec les dommages et intérêts.,0,2026-05-12T17:11:31Z,2026-05-12T17:11:31Z,2026-05-13T10:50:58.777545+00:00
pfizer,vLh8a5WOiKY,UgxTiKgsObouiZdQvxN4AaABAg,@Soleil3434-e8f,http://www.youtube.com/@Soleil3434-e8f,La classe des prédateurs,0,2026-05-12T21:39:39Z,2026-05-12T21:39:39Z,2026-05-13T10:50:58.777545+00:00
pfizer,vLh8a5WOiKY,UgwSuBzuPWIubiLkHd14AaABAg,@Soleil3434-e8f,http://www.youtube.com/@Soleil3434-e8f,Les vaccins de la merde😅,0,2026-05-12T21:40:23Z,2026-05-12T21:40:23Z,2026-05-13T10:50:58.777545+00:00
pfizer,4AZLmJB1AKw,UgyVGAnRgj8POfTCEVF4AaABAg,@Ungefiltertmitsven,http://www.youtube.com/@Ungefiltertmitsven,"Unterstütze mich gerne mit deinem like und deinem abo🎉 ebenfalls lade ich dich zum offenen und unzensierten Talk in meiner kostenlosen Telegram Community gruppe ein: https://t.me/+Q60snNGnDoM0NjAy

Viel Spaß mit diesem video 🙏",1,2026-05-11T19:19:47Z,2026-05-11T19:19:47Z,2026-05-13T10:50:59.483724+00:00
pfizer,4AZLmJB1AKw,Ugzf6VUCyM-xyTHwg8R4AaABAg,@christianeschrumpf5689,http://www.youtube.com/@christianeschrumpf5689,"Danke Herr Sterz ❤Danke Ben ❤für das interessante Gespräch 
Das größte Verbrechen an der Menschheit! 
Sie gehen über Leichen!",4,2026-05-11T19:03:10Z,2026-05-11T19:03:10Z,2026-05-13T10:50:59.483724+00:00
pfizer,4AZLmJB1AKw,UgzHJVjg8DncNjbpP6B4AaABAg,@ajanssen9979,http://www.youtube.com/@ajanssen9979,😍😍😍😍😍😍😍😍,2,2026-05-11T18:47:53Z,2026-05-11T18:47:53Z,2026-05-13T10:50:59.483724+00:00
pfizer,T4igugJM524,UgzRdL-vWC8dVxWxRht4AaABAg,@kjellforssen,http://www.youtube.com/@kjellforssen,Ta med Midvir,0,2026-05-11T18:26:18Z,2026-05-11T18:26:18Z,2026-05-13T10:51:01.187701+00:00
pfizer,pyIW13nqeLY,UgzfQYfZkDx_jDKnXzh4AaABAg,@leodoro8877,http://www.youtube.com/@leodoro8877,Why would you invest in Pfizer knowing that their covid vaccine didn’t work as advertised and has made thousands of people sick?,0,2026-05-11T20:35:18Z,2026-05-11T20:35:18Z,2026-05-13T10:51:01.630015+00:00
pfizer,NI1mE7jPGao,Ugwhv5JSajbTmV69t1N4AaABAg,@BassBossÉire,http://www.youtube.com/@BassBoss%C3%89ire,"I remember being treated like a leper for being unjabbed by some of my extended family who are now dead. A very rural family who generally live into their late 90's simply from clean living, have had 6 sudden deaths and 3 with cancer. That's no coincidence imo.",50,2026-05-11T19:12:47Z,2026-05-11T19:12:47Z,2026-05-13T10:51:02.045080+00:00
pfizer,NI1mE7jPGao,UgxQxDE-qi6JdO0V_Xt4AaABAg,@anthonybowers7571,http://www.youtube.com/@anthonybowers7571,"""the only safe vaccine is an unused one """,28,2026-05-11T19:42:29Z,2026-05-11T19:42:29Z,2026-05-13T10:51:02.045080+00:00
pfizer,NI1mE7jPGao,UgzTo35XJ9WTdDXiKp94AaABAg,@jrthealy1399,http://www.youtube.com/@jrthealy1399,Thanks for that... appreciate all information 👍💪🙏🇮🇪🇮🇪🇮🇪,19,2026-05-11T18:41:18Z,2026-05-11T18:41:18Z,2026-05-13T10:51:02.045080+00:00
pfizer,NI1mE7jPGao,UgxYBeqhsQirkVsp28B4AaABAg,@johnbohan4222,http://www.youtube.com/@johnbohan4222,When Albert Bourla was asked if he had  been 'vaccinated' he said that he hadn't because he was only 59 years old at the time.,20,2026-05-11T18:36:52Z,2026-05-11T18:36:52Z,2026-05-13T10:51:02.045080+00:00
pfizer,NI1mE7jPGao,UgxpPkKoAxphpmbmCU54AaABAg,@PowerD-i6y,http://www.youtube.com/@PowerD-i6y,Well said dead right keep up the good work we all new,16,2026-05-11T19:31:58Z,2026-05-11T19:31:58Z,2026-05-13T10:51:02.045080+00:00
pfizer,NI1mE7jPGao,Ugyst41EdLFzt2gQa-54AaABAg,@annamariapurcell4454,http://www.youtube.com/@annamariapurcell4454,Very informative and much appreciated. Knowledge is power!,14,2026-05-11T19:17:51Z,2026-05-11T19:17:51Z,2026-05-13T10:51:02.045080+00:00
pfizer,NI1mE7jPGao,UgyBIkig9kHavO_QHcp4AaABAg,@Starlight_Sky_777,http://www.youtube.com/@Starlight_Sky_777,"💯 Adda 
Brain tumors only showing at stage 4 given 3 months , ive seen 10 men & women die from this in a small rural village, prostate cancer, sudden heart attacts 

The anger in people with vax is crazy 

I still cannot understand why people are buying the b.s 🙏🙈",23,2026-05-11T19:40:18Z,2026-05-11T19:40:18Z,2026-05-13T10:51:02.045080+00:00
pfizer,NI1mE7jPGao,UgyvqCgaLIhsJp2VJz94AaABAg,@KingsleyGallagher,http://www.youtube.com/@KingsleyGallagher,Pure NEEDLECRAFT 💉💉💉💉💉💉💉💉💉😪💀💉💉💉💉💉💉💉💉💉💉,3,2026-05-11T23:38:38Z,2026-05-11T23:38:38Z,2026-05-13T10:51:02.045080+00:00
pfizer,NI1mE7jPGao,UgxZVc7BmNg740sJVPR4AaABAg,@SuperGurrier,http://www.youtube.com/@SuperGurrier,I got the Pfizer dual jabs and I remember after the second one having to sit down as I felt dizzy and my hands were shaking (was an above average fitness 37 year old at the time) troubling stuff.,8,2026-05-11T20:27:24Z,2026-05-11T20:27:24Z,2026-05-13T10:51:02.045080+00:00
pfizer,NI1mE7jPGao,Ugx9B1y3a7to5FPp-hd4AaABAg,@themagikian4237,http://www.youtube.com/@themagikian4237,"Just on the point of Medical History: you can tell what diseases and illnesses people had  going back 200 years plus. Doctors took meticulous notes then and really studied illnesses themselves. My big take away from studying medical History was we CAN tell what was effecting folk then and so it should be obvious what illnesses and conditions have increased. I think even this info of patterns over time is hidden and suppressed. The Invisible Rainbow is a great book - about the electrification of our world and the increase in illnesses after every major ""jump in progress"" related to electricity, signal producing masts, arrays etc.",19,2026-05-11T18:06:43Z,2026-05-11T18:06:43Z,2026-05-13T10:51:02.045080+00:00
pfizer,NI1mE7jPGao,UgyOxlN1h8vmqvMjVMt4AaABAg,@dermotgilmartin1818,http://www.youtube.com/@dermotgilmartin1818,🙏🇮🇪🔥,13,2026-05-11T18:37:24Z,2026-05-11T18:37:24Z,2026-05-13T10:51:02.045080+00:00
pfizer,NI1mE7jPGao,UgzL69vYwrpJjhnv5Ht4AaABAg,@Judinka35,http://www.youtube.com/@Judinka35,"Thanks Adda,, he spoke 5 years ago and many didn’t want I to hear that 🥲",0,2026-05-13T09:59:29Z,2026-05-13T09:59:29Z,2026-05-13T10:51:02.045080+00:00
pfizer,NI1mE7jPGao,UgwwxHubn-GonQ2rTsp4AaABAg,@ashleystyles6888,http://www.youtube.com/@ashleystyles6888,How about the meningitis jab? Hidden under their chemical names are army worm ovary DNA and moth DNA. Sterilising agents.,23,2026-05-11T17:34:02Z,2026-05-11T17:34:02Z,2026-05-13T10:51:02.045080+00:00
pfizer,NI1mE7jPGao,UgyPzaJrBOwckG-gzNh4AaABAg,@Suzanne-l4f,http://www.youtube.com/@Suzanne-l4f,"""One more time, for the people in the back"" 😂🤣",3,2026-05-11T21:50:21Z,2026-05-11T21:50:21Z,2026-05-13T10:51:02.045080+00:00
pfizer,NI1mE7jPGao,Ugwloahk8vL1cllgRKx4AaABAg,@helenrogers1400,http://www.youtube.com/@helenrogers1400,"From Chicago, formerly Cork City.... Thank you Adda, for sharing whati believe to be THE TRUTH. I'm a retired Certified Critical Care RN; I have  followed Dr. Mike Yeadon, and other truth-telers, since 2020. It's a lonely journey trying to wake others up, and sadly, far too many truth-tellers  paid a  high price for doing so . - They lost family,jobs, and in many cases,their livlihood. I thank God for those who were awake,some partially,and others who were all-in. I thank God for journalists like yourself , who too the time to    seek and report TRUTH. I believe we are at a PIVOTAL and  EXTREMELY IMPORTANT  POINT IN HISTORY. We have to seize the moment!  Thank you, and God bless.  ✝️🙏📿☘️🇮🇪🇺🇸",6,2026-05-11T21:54:26Z,2026-05-11T21:54:26Z,2026-05-13T10:51:02.045080+00:00
pfizer,NI1mE7jPGao,UgynCEbr-0weAF8yhEN4AaABAg,@derekmurray1462,http://www.youtube.com/@derekmurray1462,"It’s shocking but not surprising, these people are evil beyond belief.",2,2026-05-12T08:26:17Z,2026-05-12T08:26:17Z,2026-05-13T10:51:02.045080+00:00
pfizer,NI1mE7jPGao,UgyloQFxNzNEX6gFlRh4AaABAg,@gandelf8355,http://www.youtube.com/@gandelf8355,Discovered him in 2020. Definitely a highly knowledgeable man of great integrity.,5,2026-05-11T22:16:44Z,2026-05-11T22:16:44Z,2026-05-13T10:51:02.045080+00:00
pfizer,NI1mE7jPGao,Ugw0c6vbJd-ujlbQIf94AaABAg,@carmelhegarty9829,http://www.youtube.com/@carmelhegarty9829,"Good Morning Adda--- Once again I've been BLESSED to listen to you. An Ordinary Irishman with EXTRAORDINARY Intelligence, Wisdom, and Knowledge.  God Bless your Day today and Everyday .    Thank You.   🙏🇮🇪🙏",2,2026-05-12T07:35:09Z,2026-05-12T07:35:09Z,2026-05-13T10:51:02.045080+00:00
pfizer,NI1mE7jPGao,Ugw9d9uM-fEYU-j5x8d4AaABAg,@normabates1925,http://www.youtube.com/@normabates1925,"I wonder whether the “vaccines” did not actually originate from the pharmaceutical companies themselves, hence why the head of Pfizer, Albert Bourla, had to admit he hadn’t taken it himself. I think that if he had truly produced it, he would not have sounded so nervous when questioned -  he would have been able to lie without hesitation.

The same applies to the head of the WHO, Tedros Adhanom Ghebreyesus, who admitted he had not taken the vaccine, although this interview was later denied as ever having taken place. The logical conclusion, in my view, is that they may not have been fully informed, for security reasons, about what the substance contained or the motives behind it. Therefore, if something happened to those who had taken it, they would not want to compromise themselves by claiming they had also taken it.

Also, I do not believe the pharmaceutical companies would have promoted people requiring a second, third, or fourth injection if they had actually manufactured the product themselves — the risk would have been far too high if 50 percent of the population had started keeling over. Hence, it seems more likely that someone more powerful assumed liability ie The Military Industrial Complex / NATO.


I do not know whether anyone remembers Boris Johnson putting out a message to Vladimir Putin on television, requesting that he join forces with the UK on their own vaccine. Instead, Putin created his own vaccine, “Sputnik,” which means “fellow traveller.” Then Ukraine happened.

What is in the vaccine? In my opinion, the mRNA could be a cover, or a reason to persuade people to take the vaccine because it is for a “novel” virus. .Also the mRNA stops doctors from questioning narrative where it is new and not understood. I could continue my theory, but I will stop there",10,2026-05-11T18:36:05Z,2026-05-11T18:36:05Z,2026-05-13T10:51:02.045080+00:00
pfizer,NI1mE7jPGao,UgxUjxq87gCDihQ_aDt4AaABAg,@Suzanne-l4f,http://www.youtube.com/@Suzanne-l4f,I wonder if there is a vaccine against being triggered by the letter d.,1,2026-05-11T22:23:00Z,2026-05-11T22:23:00Z,2026-05-13T10:51:02.045080+00:00
pfizer,NI1mE7jPGao,UgxReBuTmYDWYEghYKR4AaABAg,@w.gilchrist,http://www.youtube.com/@w.gilchrist,"""GT 380"" 👍 the man like the Suzuki 2 stroke triple is built on the right lines and unlike it's Kawasaki ""KH"" counterpart takes them with ease.",4,2026-05-11T18:23:34Z,2026-05-11T18:23:34Z,2026-05-13T10:51:02.045080+00:00
pfizer,NI1mE7jPGao,UgwFgzSbiQa0Lkmqm3d4AaABAg,@kingofthecelts2247,http://www.youtube.com/@kingofthecelts2247,Me my wife or our 5 kids.. DID NOT GET A SINGLE SHOT.. and we were ostracized with vengeance .. I tell you that.. now we're the ones laughing .. 🇮🇪☘️💚🙏✝️👍,0,2026-05-12T18:38:31Z,2026-05-12T18:38:31Z,2026-05-13T10:51:02.045080+00:00
pfizer,NI1mE7jPGao,Ugz1kIDpe-70BYqkGxt4AaABAg,@scowlsmcjowls2626,http://www.youtube.com/@scowlsmcjowls2626,What if we had the internet in the time of polio. Would of been some carnage.,1,2026-05-11T22:48:49Z,2026-05-11T22:48:49Z,2026-05-13T10:51:02.045080+00:00
pfizer,NI1mE7jPGao,Ugw-EFAXkZE1BI9xa7x4AaABAg,@fredmckinney2101,http://www.youtube.com/@fredmckinney2101,"Dr Sam bailey on YouTube speaks in-depth on ""virus"" very interesting and informative",1,2026-05-12T09:29:36Z,2026-05-12T09:29:36Z,2026-05-13T10:51:02.045080+00:00
pfizer,NI1mE7jPGao,Ugz_BBXs_5IwbzY5hu54AaABAg,@DavidMurphy-f3o,http://www.youtube.com/@DavidMurphy-f3o,"Avoid all medication if at all possible,more importantly avoid your gp ,to be honest we are all going to our maker ,might as well go today as go tomorow 😂",0,2026-05-12T10:29:25Z,2026-05-12T10:29:25Z,2026-05-13T10:51:02.045080+00:00
pfizer,NI1mE7jPGao,UgwqMoae_fxglBcrpb94AaABAg,@Sull1717,http://www.youtube.com/@Sull1717,"With respect to you...
Why tf do you do this to yourself, Adda? 
What's your purpose?",1,2026-05-11T21:28:38Z,2026-05-11T21:28:38Z,2026-05-13T10:51:02.045080+00:00
pfizer,7tuzeVLgF0Y,UgwVzqnaf6SsX_KPVo54AaABAg,@lauredurbano4325,http://www.youtube.com/@lauredurbano4325,"Quelle honte !! les tribunaux sont aux ordres de la hyene, scandaleux !",126,2026-05-11T17:25:56Z,2026-05-11T17:25:56Z,2026-05-13T10:51:02.308698+00:00
pfizer,7tuzeVLgF0Y,Ugx-CaGA9znh0RfdLlx4AaABAg,@josianefortier9143,http://www.youtube.com/@josianefortier9143,voilà pourquoi on nous parle de l'hantavirus !,107,2026-05-11T17:26:04Z,2026-05-11T17:26:04Z,2026-05-13T10:51:02.308698+00:00
pfizer,7tuzeVLgF0Y,UgztO0nSUzv_yeQo5SR4AaABAg,@francoisehamel5858,http://www.youtube.com/@francoisehamel5858,"C'est un braquage, un hold-up...? 🤫",51,2026-05-11T18:09:10Z,2026-05-11T18:09:10Z,2026-05-13T10:51:02.308698+00:00
pfizer,7tuzeVLgF0Y,Ugx0UkPuKKXXcLmBzNd4AaABAg,@francoisdupont4784,http://www.youtube.com/@francoisdupont4784,"Vous avez voté le DSA, vous avez perdu toute crédibilité.",31,2026-05-12T04:14:59Z,2026-05-12T04:14:59Z,2026-05-13T10:51:02.308698+00:00
pfizer,7tuzeVLgF0Y,UgxCmeXg5dJuJB_CQqB4AaABAg,@mathieuweinfortner8838,http://www.youtube.com/@mathieuweinfortner8838,L'argent du contribuables coule à flot !!!,51,2026-05-11T19:03:26Z,2026-05-11T19:03:26Z,2026-05-13T10:51:02.308698+00:00
pfizer,7tuzeVLgF0Y,UgyPOefbg9wnZpg9gw94AaABAg,@patrickberthelier6859,http://www.youtube.com/@patrickberthelier6859,"Tous les députés européens ont voté sans exception pour la facturation électronique, que pouvez-vous nous dire à ce sujet là, merci.",24,2026-05-12T04:21:08Z,2026-05-12T04:21:08Z,2026-05-13T10:51:02.308698+00:00
pfizer,7tuzeVLgF0Y,UgxN1FTTnZ12FCmnBo94AaABAg,@josephjoseph3867,http://www.youtube.com/@josephjoseph3867,"Si ça ne leur convient pas, qu'ils sortent de l'uess. Il est plus que temps que ça explose ce merdier",41,2026-05-11T17:18:53Z,2026-05-11T17:18:53Z,2026-05-13T10:51:02.308698+00:00
pfizer,7tuzeVLgF0Y,UgyKRxwvy2E4m5P1Czx4AaABAg,@brunosevin5732,http://www.youtube.com/@brunosevin5732,Comment une  seule une personne Ursula peut  décider toutes les pays de  l'euro  décidé   toutes les pays l'euro montrent leurs fesses incroyables  soumission,73,2026-05-11T17:02:42Z,2026-05-11T17:02:42Z,2026-05-13T10:51:02.308698+00:00
pfizer,7tuzeVLgF0Y,UgxWKevBeId-hWzB5pV4AaABAg,@0ver_Blood,http://www.youtube.com/@0ver_Blood,Vous avez voter Vida ? Vous ? QUELLE HONTE.,31,2026-05-11T17:20:43Z,2026-05-11T17:20:43Z,2026-05-13T10:51:02.308698+00:00
pfizer,7tuzeVLgF0Y,UgwTeFt6O8M7Gx5Xw1N4AaABAg,@laurentlegeard6298,http://www.youtube.com/@laurentlegeard6298,Marre de cette mascarade mondiale soit-disant européenne mais américaine...,35,2026-05-11T17:17:48Z,2026-05-11T17:17:48Z,2026-05-13T10:51:02.308698+00:00
pfizer,7tuzeVLgF0Y,UgwxWCpIZ1DBhBV80-R4AaABAg,@josephjoseph3867,http://www.youtube.com/@josephjoseph3867,"Ce qui signifie que nous payons nous aussi encore des doses que personne ne veut sur décision unilatérale de la hyène. J'aime bien l'expression "" le déclin de l'intérêt public pour les vaccins """,30,2026-05-11T17:21:14Z,2026-05-11T17:21:14Z,2026-05-13T10:51:02.308698+00:00
pfizer,7tuzeVLgF0Y,UgxV-TQYzt0I0TmupvF4AaABAg,@igordoscord5765,http://www.youtube.com/@igordoscord5765,Ça fait des années et rien de bouge...,16,2026-05-11T22:09:22Z,2026-05-11T22:09:22Z,2026-05-13T10:51:02.308698+00:00
pfizer,7tuzeVLgF0Y,UgwXaxgwSvKgD-Kb-fl4AaABAg,@intuition7228,http://www.youtube.com/@intuition7228,"Quelle importance, puisque vous avez voté en faveur de la facturation électronique pour mieux fliquer le peuple. Vous jouez un double jeu malsain.",55,2026-05-11T18:00:58Z,2026-05-11T18:00:58Z,2026-05-13T10:51:02.308698+00:00
pfizer,7tuzeVLgF0Y,UgzxWdi02ZilLnKoY8l4AaABAg,@pjm144,http://www.youtube.com/@pjm144,"Pourquoi vous ne dites pas que vous avez voté pour la
 FACTURATION NUMERIQUE, vous êtes drôle",36,2026-05-11T20:37:25Z,2026-05-11T20:37:25Z,2026-05-13T10:51:02.308698+00:00
pfizer,7tuzeVLgF0Y,Ugw9005XZBDTe3YgIiV4AaABAg,@diassylviane1018,http://www.youtube.com/@diassylviane1018,Comment se fait-il que vous ayez vote pour cette facture électronique ???????????,70,2026-05-11T19:21:24Z,2026-05-11T19:21:24Z,2026-05-13T10:51:02.308698+00:00
pfizer,7tuzeVLgF0Y,UgyUfXScSLHRmnVcYIV4AaABAg,@martinedb2779,http://www.youtube.com/@martinedb2779,"Alors, Mme Joron, vous avez voté pour la mise en place de la facturation électronique centralisée européenne ? Vous rendez vous compte que vous avez vendu le pays à des instances  étrangères qui auront toutes les informations concernant toutes les ventes et tous les achats en France avec les relevés de toutes les transactions, avec détails des fournisseurs, des clients et des produits, des modes de paiement etc etc 
C'est du sabotage, comment avez vous laissé faire cela, non seulement vous mais tous les députés français à l'Union Européenne on voté pour cette obligation scelerate
A l'heure où les hackeurs s'en donnent à coeur joie, qu'adviendra t il des données et informations confidentielles commerciales de nos entreprise ?
C'est scandaleux",31,2026-05-11T21:41:50Z,2026-05-11T21:41:50Z,2026-05-13T10:51:02.308698+00:00
pfizer,7tuzeVLgF0Y,Ugy8TIpmsZZMXV5jcLd4AaABAg,@nathaliebecherraz4403,http://www.youtube.com/@nathaliebecherraz4403,"Bla bla bla bla 
Vous ne vallez pas mieux ma chère en donnant votre voix sur la fact électronique 👎🏼",33,2026-05-11T17:51:21Z,2026-05-11T17:51:21Z,2026-05-13T10:51:02.308698+00:00
pfizer,7tuzeVLgF0Y,Ugyaa_O-GzyfbtlwU594AaABAg,@Voxmachina-t2t,http://www.youtube.com/@Voxmachina-t2t,"Madame pouvez vous nous expliquer votre validation pour la facturation électronique européenne 
Voir l'enorme escroquerie expliquée parTatiana Ventose",80,2026-05-11T17:21:20Z,2026-05-11T17:21:20Z,2026-05-13T10:51:02.308698+00:00
pfizer,7tuzeVLgF0Y,UgwMFvc3GU_94G-3yXZ4AaABAg,@nakmuay3680,http://www.youtube.com/@nakmuay3680,"Et oui, et qu'a dit la patronne du RN ?
"" Nous devrons nous plier à la démocratie européenne  "" 
Vous dénoncez mais vous faites partie du système....👎👎👎",14,2026-05-12T04:19:08Z,2026-05-12T04:19:08Z,2026-05-13T10:51:02.308698+00:00
pfizer,7tuzeVLgF0Y,UgyzZuBM6Ln65ps1S7F4AaABAg,@annel.4493,http://www.youtube.com/@annel.4493,"Comment osez-vous encore vous adresser à nous avec vos ""dénonciations"" vertueuses alors que vous avez personnellement voté la loi sur la facturation électronique qui va tous nous détruire à partir du 01/09/2026, nous livrant à une mafia privée internationale ? C'est scandaleux !",57,2026-05-11T16:57:15Z,2026-05-11T16:57:15Z,2026-05-13T10:51:02.308698+00:00
pfizer,7tuzeVLgF0Y,Ugy3O8GzkAbJs80r38J4AaABAg,@jeanclaudemazzoleni8483,http://www.youtube.com/@jeanclaudemazzoleni8483,Pfizer doit demander à Ursula de payer,8,2026-05-11T21:23:58Z,2026-05-11T21:23:58Z,2026-05-13T10:51:02.308698+00:00
pfizer,7tuzeVLgF0Y,UgwDc-fQIFs-ccZKIPp4AaABAg,@DaphnéSabine-b5j,http://www.youtube.com/@Daphn%C3%A9Sabine-b5j,"Je vis le rêve pour lequel j'ai tant prié: j'ai 48 ans, je suis retraitée, je gagne 100 000 € toutes les deux semaines et j'ai une famille formidable qui me soutient. Vos paroles m'ont vraiment motivée!!",22,2026-05-12T18:50:07Z,2026-05-12T18:50:07Z,2026-05-13T10:51:02.308698+00:00
pfizer,7tuzeVLgF0Y,Ugw_GLC641_NCw5bZOp4AaABAg,@mirella697,http://www.youtube.com/@mirella697,Quels voleurs !!! Ils dépouillent des millions d'européens pour faire des placements bien confortables dans leurs banques dorées après les avoir injecté et..... !!! Vivement que cette ue s'écroule définitivement !!!,12,2026-05-11T20:01:54Z,2026-05-11T20:04:44Z,2026-05-13T10:51:02.308698+00:00
pfizer,7tuzeVLgF0Y,Ugz4l_iGIWpIx0QCaiN4AaABAg,@GuyDéchamp,http://www.youtube.com/@GuyD%C3%A9champ,"Mais quand enfin Ursula se retrouvera-t-elle enfin derrière des barreaux en attendant mieux...que le crime de Haute Trahison et la peine capitale soient rétablis, et qu'un bagne soient réouvert ??? 
Faut-il rappeler que les vaccins qu'elle a commandé par sms à son ami Albert Bourla le président de Pfizer ont causé des milliers de morts ???",22,2026-05-11T18:27:44Z,2026-05-11T18:47:24Z,2026-05-13T10:51:02.308698+00:00
pfizer,7tuzeVLgF0Y,UgyptZhGu8EIAG3A9Vp4AaABAg,@astrashak,http://www.youtube.com/@astrashak,"Merci l'info, mais faudrait peut être arrêter de collaborer à toutes les lois liberticides européiste qui vont éradiquer la moitié des populations européennes",9,2026-05-11T23:56:31Z,2026-05-11T23:56:31Z,2026-05-13T10:51:02.308698+00:00
pfizer,7tuzeVLgF0Y,UgxBE2Lmxs2EUrKOV7d4AaABAg,@ThorTubeview,http://www.youtube.com/@ThorTubeview,"Ce qui me sidère, c'est que cette ""femme"" a clairement eut des problèmes avec la justice allemande, pour fraude lorsqu'elle était en poste.
Qu'elle continue ses fraudes à la tête de l'Europe.
Et personne, à part vous et quelques-uns, ne bouge.
C'est quoi cet aveux de corruption non traitée ?",25,2026-05-11T17:13:33Z,2026-05-11T17:13:33Z,2026-05-13T10:51:02.308698+00:00
pfizer,7tuzeVLgF0Y,Ugx62UWuPJ1XUobVJLt4AaABAg,@TheryB-e5i,http://www.youtube.com/@TheryB-e5i,"Madame Joron, arrêtez votre cinéma parce que vous êtes démasquée, comme d'ailleurs tous vos collègues des partis """"""""d'opposition"""""""" et votez donc ENFIN la destitution du liquidateur de notre pays. Vous êtes Française ou européïste ? Pas la peine de répondre, on connait la réponse !",21,2026-05-11T19:20:17Z,2026-05-11T19:20:17Z,2026-05-13T10:51:02.308698+00:00
pfizer,7tuzeVLgF0Y,UgwSIhCOXkPlGoi3J4V4AaABAg,@surdespresdherbefraiche9157,http://www.youtube.com/@surdespresdherbefraiche9157,Bla bla bla… Et si vous parliez de votre façon de voter pour l'UE et contre le peuple… aussi… Du vent tout ça !,8,2026-05-11T22:40:45Z,2026-05-11T22:40:45Z,2026-05-13T10:51:02.308698+00:00
pfizer,7tuzeVLgF0Y,Ugwx7Wfbgxy6YrR7OhR4AaABAg,@stanbd9766,http://www.youtube.com/@stanbd9766,Qu'avez vous voté concernant la censure des réseaux ?,5,2026-05-12T06:23:25Z,2026-05-12T06:23:25Z,2026-05-13T10:51:02.308698+00:00
pfizer,7tuzeVLgF0Y,Ugxnraqk_EA6sEHstBB4AaABAg,@christianlosser4256,http://www.youtube.com/@christianlosser4256,"Qui a voter la dictature de la facturation, virgîie joron",24,2026-05-12T00:44:52Z,2026-05-12T00:46:47Z,2026-05-13T10:51:02.308698+00:00
pfizer,7tuzeVLgF0Y,UgxtPRslrtDDi5a-vTt4AaABAg,@abondancevrai3785,http://www.youtube.com/@abondancevrai3785,"Pourquoi tous les députés européens français ont voté la facture electronique sachant que le site, ce sont des boites de conseilles et aussi des chinois.  Ils auront tous les secrets de sociétés, ex projet, innovations, etc. Vous n avez pas vu le danger ?? On va être espionné à la chinoise. Par contre, les politiques vont ils avoir le même traitement ex les minisqtres, le president pour toute corruption",6,2026-05-12T04:24:10Z,2026-05-12T04:24:10Z,2026-05-13T10:51:02.308698+00:00
pfizer,7tuzeVLgF0Y,UgyiFT_2_fyqY1itY-14AaABAg,@BrunoBarlan,http://www.youtube.com/@BrunoBarlan,"Cet argent doit servir a
 indemniser les victimes et celles qui souffrent d'effets secondaires",3,2026-05-12T16:23:18Z,2026-05-12T16:23:18Z,2026-05-13T10:51:02.308698+00:00
pfizer,7tuzeVLgF0Y,Ugx98H9iOXbP_3x_iMx4AaABAg,@alainchaize2876,http://www.youtube.com/@alainchaize2876,"Si seulement il était efficace le vaccin, or c'est tout le contraire",4,2026-05-12T01:06:24Z,2026-05-12T01:06:24Z,2026-05-13T10:51:02.308698+00:00
pfizer,7tuzeVLgF0Y,UgzbLFOqQzcKrgJ-E6Z4AaABAg,@isabellecharmillon5821,http://www.youtube.com/@isabellecharmillon5821,Pourquoi avez vous pour la facture électronique,4,2026-05-12T04:55:07Z,2026-05-12T04:55:07Z,2026-05-13T10:51:02.308698+00:00
pfizer,7tuzeVLgF0Y,UgxwJ7vuU9b4yTVpBkd4AaABAg,@danicabrajkovic3884,http://www.youtube.com/@danicabrajkovic3884,Madame..... vous devez adorer Ursula et l'UE....!!!! Puisque vous dénoncez. .... mais vous y restez....vous êtes Insupportable...!!!,13,2026-05-11T20:00:37Z,2026-05-11T20:00:37Z,2026-05-13T10:51:02.308698+00:00
pfizer,7tuzeVLgF0Y,UgzyCeTw0LtFbI2zPQR4AaABAg,@bailleulpascal7905,http://www.youtube.com/@bailleulpascal7905,A bas l UE !,4,2026-05-12T05:08:35Z,2026-05-12T05:08:35Z,2026-05-13T10:51:02.308698+00:00
pfizer,7tuzeVLgF0Y,UgwsmWspDeEz-ligjPV4AaABAg,@leppr7315,http://www.youtube.com/@leppr7315,"Merci , pour votre courage , des infos si precieuses !👍❤",1,2026-05-12T17:10:44Z,2026-05-12T17:10:44Z,2026-05-13T10:51:02.308698+00:00
pfizer,7tuzeVLgF0Y,Ugzq8pHmfDXY_F730vV4AaABAg,@MarieroseSaunier,http://www.youtube.com/@MarieroseSaunier,Merci beaucoup Mme Joron❤,6,2026-05-11T19:04:54Z,2026-05-11T19:04:54Z,2026-05-13T10:51:02.308698+00:00
pfizer,7tuzeVLgF0Y,Ugxu0Uzz_GeT2R_txbp4AaABAg,@TunisOjeda,http://www.youtube.com/@TunisOjeda,Et encore ils s enrichissent sur le dos des contribuables alors que on nous a rien demandés c'est toujours le peuple qui payent pour les autres TROP FACILE,2,2026-05-12T06:14:07Z,2026-05-12T06:14:07Z,2026-05-13T10:51:02.308698+00:00
pfizer,7tuzeVLgF0Y,UgwqXTzkpsNi9_1jFUx4AaABAg,@heliostreig4079,http://www.youtube.com/@heliostreig4079,C'est désastreux ! Merci Virginie !,0,2026-05-12T19:14:57Z,2026-05-12T19:14:57Z,2026-05-13T10:51:02.308698+00:00
pfizer,7tuzeVLgF0Y,UgyTlTrgAMjpOYswHFt4AaABAg,@CristianVancaillie,http://www.youtube.com/@CristianVancaillie,💉💉💉💉💉💉⚰️💉💉💉💉💉,7,2026-05-11T17:45:17Z,2026-05-11T17:45:17Z,2026-05-13T10:51:02.308698+00:00
pfizer,7tuzeVLgF0Y,UgxsO88j-LfIHe8fIUZ4AaABAg,@josebaugnee69,http://www.youtube.com/@josebaugnee69,tres grand merci madame Joron,30,2026-05-11T16:43:01Z,2026-05-11T16:43:01Z,2026-05-13T10:51:02.308698+00:00
pfizer,7tuzeVLgF0Y,UgwOxbjJHutReVxYKdd4AaABAg,@user-gv8cg8jb1k,http://www.youtube.com/@user-gv8cg8jb1k,Merci pour les informations,4,2026-05-11T17:31:18Z,2026-05-11T17:31:18Z,2026-05-13T10:51:02.308698+00:00
pfizer,7tuzeVLgF0Y,UgyDc8ad0_TbP_o-3Mp4AaABAg,@joellebugnet3476,http://www.youtube.com/@joellebugnet3476,MERCI VIRGINIE POUR  LES NOUVELLES...A PARTAGEES...,0,2026-05-13T10:05:07Z,2026-05-13T10:05:07Z,2026-05-13T10:51:02.308698+00:00
pfizer,7tuzeVLgF0Y,UgzTRbOTCHqVMuR0AhR4AaABAg,@yenaassezhubert1324,http://www.youtube.com/@yenaassezhubert1324,Merci madame Joron,0,2026-05-12T20:06:56Z,2026-05-12T20:06:56Z,2026-05-13T10:51:02.308698+00:00
pfizer,7tuzeVLgF0Y,Ugy4djhNAwA_R5e_VmZ4AaABAg,@laurentcailleteau3343,http://www.youtube.com/@laurentcailleteau3343,"Madame Joron, comment avez vous pu voter avec vos collègues dont monsieur Mariani en faveur de la facturation électronique.  Vous êtes la trahison de la France et de tous nos frères et soeurs.",34,2026-05-11T20:05:17Z,2026-05-11T20:05:17Z,2026-05-13T10:51:02.308698+00:00
pfizer,7tuzeVLgF0Y,Ugzk8bWmJvmJZDASsvx4AaABAg,@davidcan9279,http://www.youtube.com/@davidcan9279,Merci Virgine,0,2026-05-12T20:36:28Z,2026-05-12T20:36:28Z,2026-05-13T10:51:02.308698+00:00
pfizer,7tuzeVLgF0Y,UgzV9N5A4oIJP4QX7714AaABAg,@mackcalonne55160,http://www.youtube.com/@mackcalonne55160,"Vanderleyen n'a peur de personne.
Vous pouvez tout faire mais rien ne changera.",2,2026-05-12T07:28:33Z,2026-05-12T07:28:33Z,2026-05-13T10:51:02.308698+00:00
pfizer,7tuzeVLgF0Y,UgyaGzjE4G2_eU1oJ214AaABAg,@jocelynehellec4748,http://www.youtube.com/@jocelynehellec4748,Merci Madame JORON 👋🤝🇨🇵🇨🇵🇨🇵,1,2026-05-12T10:37:20Z,2026-05-12T10:37:20Z,2026-05-13T10:51:02.308698+00:00
pfizer,7tuzeVLgF0Y,Ugzc3jVVJp-5RDv9Dmp4AaABAg,@deborahsanchezmaltese4296,http://www.youtube.com/@deborahsanchezmaltese4296,Merci!,0,2026-05-13T07:24:11Z,2026-05-13T07:24:11Z,2026-05-13T10:51:02.308698+00:00
pfizer,7tuzeVLgF0Y,UgyM1DXtwfh4QZbXkE14AaABAg,@Pina-hy1xc,http://www.youtube.com/@Pina-hy1xc,Merci Madame Joron,2,2026-05-11T19:45:54Z,2026-05-11T19:45:54Z,2026-05-13T10:51:02.308698+00:00
pfizer,7tuzeVLgF0Y,Ugwx4QtQLtCIWfFsHF94AaABAg,@chouquette2097,http://www.youtube.com/@chouquette2097,merci Madame Virginie Joron !,4,2026-05-11T17:13:29Z,2026-05-11T17:13:29Z,2026-05-13T10:51:02.308698+00:00
pfizer,7tuzeVLgF0Y,UgxrHFTneA3_YUDHNNV4AaABAg,@Etienne4774,http://www.youtube.com/@Etienne4774,La justice idéologique est dirigée contre le petit citoyen qui refuse le conditionnement,1,2026-05-11T21:01:39Z,2026-05-11T21:01:39Z,2026-05-13T10:51:02.308698+00:00
pfizer,7tuzeVLgF0Y,UgyNCyb7Z8fvqelnUu54AaABAg,@martinegauquier6052,http://www.youtube.com/@martinegauquier6052,Mais on sait. À quoi sert cette UE? Dissolution revoi de toute cette clique.,1,2026-05-12T08:00:40Z,2026-05-12T08:00:40Z,2026-05-13T10:51:02.308698+00:00
pfizer,7tuzeVLgF0Y,Ugz04k1ELT-0mX9S2X54AaABAg,@tomarkayan7677,http://www.youtube.com/@tomarkayan7677,"L'Allemagne commande et le reste obéit. C'était le rêve de Hitteleir, désormais accompli. Pustula's rules !",2,2026-05-12T07:10:56Z,2026-05-12T07:10:56Z,2026-05-13T10:51:02.308698+00:00
pfizer,7tuzeVLgF0Y,Ugy_2dnKzyfEvryYoaV4AaABAg,@orphée0766,http://www.youtube.com/@orph%C3%A9e0766,"Ref, merci madame !",4,2026-05-11T16:56:02Z,2026-05-11T16:56:02Z,2026-05-13T10:51:02.308698+00:00
pfizer,7tuzeVLgF0Y,UgyOaDfDJLh5QDrImBB4AaABAg,@vivie1384,http://www.youtube.com/@vivie1384,Si elle était contre eux elle aurait quitté son poste politique euro députée européenne !!!,1,2026-05-12T10:30:25Z,2026-05-12T10:30:25Z,2026-05-13T10:51:02.308698+00:00
pfizer,7tuzeVLgF0Y,UgwNgm80XyWH3JR0fKl4AaABAg,@ijoker4597,http://www.youtube.com/@ijoker4597,"Super!
Et on fait quoi avec ça?
Rien, comme d'habitude.",0,2026-05-13T00:21:48Z,2026-05-13T00:21:48Z,2026-05-13T10:51:02.308698+00:00
pfizer,7tuzeVLgF0Y,UgzE9OvYFnoO2AI4Gkh4AaABAg,@janeBersief,http://www.youtube.com/@janeBersief,Mais c est scandaleux,0,2026-05-12T10:07:48Z,2026-05-12T10:07:48Z,2026-05-13T10:51:02.308698+00:00
pfizer,7tuzeVLgF0Y,UgxGq4gDTL8txA5TYGx4AaABAg,@dudela456,http://www.youtube.com/@dudela456,C'est pas toi qui a voté la facturation électronique obligatoire prévue pour cet automne ? (voir la capsule de Tatiana Ventôse sur le sujet).,30,2026-05-11T16:37:27Z,2026-05-11T16:40:07Z,2026-05-13T10:51:02.308698+00:00
pfizer,7tuzeVLgF0Y,UgwnQTgKUnQUX_hQ5Wd4AaABAg,@ray-s1bb,http://www.youtube.com/@ray-s1bb,❤❤❤❤❤,1,2026-05-12T04:30:17Z,2026-05-12T04:30:17Z,2026-05-13T10:51:02.308698+00:00
pfizer,7tuzeVLgF0Y,UgwzGSJBAK6QlWVl05x4AaABAg,@HerveAbdallah-vm9jb,http://www.youtube.com/@HerveAbdallah-vm9jb,2 milliards d'euros quel honte a eux pour l union européenne je te soutiens mon amie Virginie joron. Hervé abdallah,4,2026-05-11T18:52:00Z,2026-05-11T18:52:00Z,2026-05-13T10:51:02.308698+00:00
pfizer,7tuzeVLgF0Y,UgxAQa6mn_JLLDovYFh4AaABAg,@maminab2598,http://www.youtube.com/@maminab2598,Ça montre bien qu ' il faut sortir de U E .très vite avant qu ' on  est plus une plume sur le corps .bientôt on sera à poils !.alors stop à ce matraquage ❤,1,2026-05-12T17:59:14Z,2026-05-12T17:59:14Z,2026-05-13T10:51:02.308698+00:00
pfizer,7tuzeVLgF0Y,UgzkT8PcEb8fR40-o5t4AaABAg,@jeanmoray6379,http://www.youtube.com/@jeanmoray6379,"2 milliards ! C'est à VDL de les payer, elle est responsable de cette gabegie.",1,2026-05-12T09:51:55Z,2026-05-12T09:51:55Z,2026-05-13T10:51:02.308698+00:00
pfizer,7tuzeVLgF0Y,UgzuA3U9FvrVb7_pJU94AaABAg,@cookie6888,http://www.youtube.com/@cookie6888,Du racket !!!!!,0,2026-05-12T18:53:37Z,2026-05-12T18:53:37Z,2026-05-13T10:51:02.308698+00:00
pfizer,7tuzeVLgF0Y,Ugzf_dRgpBKAF1roqg94AaABAg,@samiam5810,http://www.youtube.com/@samiam5810,Merci beaucoup pour ce partage et à très bientôt,1,2026-05-11T19:52:47Z,2026-05-11T19:52:47Z,2026-05-13T10:51:02.308698+00:00
pfizer,7tuzeVLgF0Y,UgwxPBTwVTpQBnW8ILV4AaABAg,@smithwesson4409,http://www.youtube.com/@smithwesson4409,magouilles + magouilles = remplissage des poches,0,2026-05-13T06:46:20Z,2026-05-13T06:46:20Z,2026-05-13T10:51:02.308698+00:00
pfizer,7tuzeVLgF0Y,Ugxwjk06hE6zyd4WpE54AaABAg,@philleberre5871,http://www.youtube.com/@philleberre5871,Restons calmes... si l'on peut.,0,2026-05-12T14:30:11Z,2026-05-12T14:30:11Z,2026-05-13T10:51:02.308698+00:00
pfizer,7tuzeVLgF0Y,UgwNREdhjhuq8JvQLNB4AaABAg,@didierparent178,http://www.youtube.com/@didierparent178,courage,1,2026-05-12T00:17:54Z,2026-05-12T00:17:54Z,2026-05-13T10:51:02.308698+00:00
pfizer,7tuzeVLgF0Y,Ugxg1u4BfFfPvgiWoz94AaABAg,@isabelpocas9396,http://www.youtube.com/@isabelpocas9396,"Je dis juste, courage. Restez firme et en bonne santé.",0,2026-05-13T05:13:11Z,2026-05-13T05:13:11Z,2026-05-13T10:51:02.308698+00:00
pfizer,7tuzeVLgF0Y,UgwAW1ttekr_nao5s7J4AaABAg,@sericnicolas4316,http://www.youtube.com/@sericnicolas4316,Et nous ont touche le fond 😂,0,2026-05-12T20:18:26Z,2026-05-12T20:18:26Z,2026-05-13T10:51:02.308698+00:00
pfizer,7tuzeVLgF0Y,Ugxen9f4oE1cUJ_fxmt4AaABAg,@Béatrice-n9r,http://www.youtube.com/@B%C3%A9atrice-n9r,ça c est de l info !!!,2,2026-05-11T18:05:23Z,2026-05-11T18:05:23Z,2026-05-13T10:51:02.308698+00:00
pfizer,7tuzeVLgF0Y,UgwCvI5FnMkgj25wXU54AaABAg,@georgeshardy1878,http://www.youtube.com/@georgeshardy1878,Cher madame cela fait des années que vous dénoncer la commission il faut plutôt en sortir ? Dans 10 ans vous serez toujours au même point ? A moins que cette situation vous arrange ?,1,2026-05-12T10:52:41Z,2026-05-12T10:52:41Z,2026-05-13T10:51:02.308698+00:00
pfizer,7tuzeVLgF0Y,Ugw3M_Y8CuwpevhVVzl4AaABAg,@dommat1793,http://www.youtube.com/@dommat1793,Grâce à tous ceux qui ont participes à l europe!!!!,0,2026-05-13T08:19:16Z,2026-05-13T08:19:16Z,2026-05-13T10:51:02.308698+00:00
pfizer,7tuzeVLgF0Y,Ugw6hplLAkWv2vP9M9B4AaABAg,@griffon064,http://www.youtube.com/@griffon064,Beau travail,1,2026-05-11T19:27:48Z,2026-05-11T19:27:48Z,2026-05-13T10:51:02.308698+00:00
pfizer,7tuzeVLgF0Y,UgwvxzYSnjNPLn_2GeZ4AaABAg,@christianledevin6903,http://www.youtube.com/@christianledevin6903,Clair net et précis 😊,1,2026-05-11T18:50:27Z,2026-05-11T18:50:27Z,2026-05-13T10:51:02.308698+00:00
pfizer,7tuzeVLgF0Y,UgxhqXLfEP10UdRq08h4AaABAg,@agneslaine9844,http://www.youtube.com/@agneslaine9844,Vidéo Partagée 👍,2,2026-05-11T17:42:29Z,2026-05-11T17:42:29Z,2026-05-13T10:51:02.308698+00:00
pfizer,7tuzeVLgF0Y,Ugzqr-YL8xMLuer50oB4AaABAg,@AbelRoy-hk1hz,http://www.youtube.com/@AbelRoy-hk1hz,"alors, virginie : toujours pour la censure sur internet ?",22,2026-05-11T16:36:25Z,2026-05-11T16:36:25Z,2026-05-13T10:51:02.308698+00:00
pfizer,7tuzeVLgF0Y,UgxUEiBrct_AbQkx2iV4AaABAg,@jacquelined.8878,http://www.youtube.com/@jacquelined.8878,"Pourquoi voulez-vous rester dans l'union européenne?
Être patriote, ce n'est pas rester dans une institution antidémocratique. On doit retrouver notre souveraineté !",14,2026-05-11T23:02:13Z,2026-05-11T23:02:13Z,2026-05-13T10:51:02.308698+00:00
pfizer,7tuzeVLgF0Y,UgxKzxgqXz7uZBl2lgx4AaABAg,@femmedeplume1,http://www.youtube.com/@femmedeplume1,👹,0,2026-05-12T21:17:16Z,2026-05-12T21:17:16Z,2026-05-13T10:51:02.308698+00:00
pfizer,7tuzeVLgF0Y,UgzX6hM4oDEem11sBYB4AaABAg,@fantinfrancois4080,http://www.youtube.com/@fantinfrancois4080,Et Ursula et son entourage ils ont touché combien ???,0,2026-05-12T09:55:35Z,2026-05-12T09:55:35Z,2026-05-13T10:51:02.308698+00:00
pfizer,7tuzeVLgF0Y,UgzViQK7R0eIck_71jR4AaABAg,@isaisa8602,http://www.youtube.com/@isaisa8602,Merci Madame pour votre intégrité,0,2026-05-13T05:34:33Z,2026-05-13T05:34:33Z,2026-05-13T10:51:02.308698+00:00
pfizer,7tuzeVLgF0Y,UgxmtE2hP_fiTu8kDjh4AaABAg,@mduval59,http://www.youtube.com/@mduval59,"Mme Joron, je suis très déçu par votre vote sur les factures électroniques. J'ai appris ça aujourd'hui et j'en suis désolé.",0,2026-05-12T20:14:25Z,2026-05-12T20:14:25Z,2026-05-13T10:51:02.308698+00:00
pfizer,7tuzeVLgF0Y,Ugxe06V7JLFbA_G2WIR4AaABAg,@pierre-jeanvignault6981,http://www.youtube.com/@pierre-jeanvignault6981,"sérieusement à quoi vous servez si vous n'avez aucun pouvoir de contrôle, ni ne pouvez pas faire tomber cette gabegie !!!",0,2026-05-13T09:49:09Z,2026-05-13T09:49:09Z,2026-05-13T10:51:02.308698+00:00
pfizer,7tuzeVLgF0Y,Ugy-WX29khmpX_01vLJ4AaABAg,@renelaplanche7201,http://www.youtube.com/@renelaplanche7201,"LA NICK 😂 le grand nettoyage pfizer   La république   en marche.  c’est très proche de Panzer  
 pas. D’inquiétude, la ligne magineau  ai la  ..MARÉCHAL ´´´´´NOUS VOILÀ.",1,2026-05-12T07:39:31Z,2026-05-12T07:39:31Z,2026-05-13T10:51:02.308698+00:00
pfizer,7tuzeVLgF0Y,UgwCSfNRBCJ428OCuGB4AaABAg,@elisistrate7386,http://www.youtube.com/@elisistrate7386,Oui,0,2026-05-13T07:15:45Z,2026-05-13T07:15:45Z,2026-05-13T10:51:02.308698+00:00
pfizer,7tuzeVLgF0Y,UgxvepMRo7dz4kEG_j94AaABAg,@RosetteVilain28,http://www.youtube.com/@RosetteVilain28,Honteux et scandaleux. Inadmissible. On jette l'argent des contribuables par les fenêtres.😢😢 Merci pour vos informations. Bravo pour votre bon travail. ❤🌹👏👏👍🌺😘💕,1,2026-05-11T19:03:21Z,2026-05-11T19:03:21Z,2026-05-13T10:51:02.308698+00:00
pfizer,7tuzeVLgF0Y,UgzbrTq6fyyQrVnlA5l4AaABAg,@denisemelmoux5349,http://www.youtube.com/@denisemelmoux5349,COMMENT Pfizer EXISTE ENCORE ....DESTRUCTION TOTALE....AINSI QUE LA HYÈNE DE L EUROPE,1,2026-05-12T17:45:44Z,2026-05-12T17:45:44Z,2026-05-13T10:51:02.308698+00:00
pfizer,7tuzeVLgF0Y,Ugww_86jczoovXE5zqh4AaABAg,@georgescoubillois438,http://www.youtube.com/@georgescoubillois438,"Voilà, un affaire bien rentable, le serpent se mord la queue et elle devient très obèse !mais le poison c’est pour lés autres ! Sinon on vous remercie de vos YouTube, bien pertinents et ciblés !❤️",0,2026-05-12T10:51:42Z,2026-05-12T10:51:42Z,2026-05-13T10:51:02.308698+00:00
pfizer,7tuzeVLgF0Y,UgxwDsx0-i23Jjxnixh4AaABAg,@ghimo4111,http://www.youtube.com/@ghimo4111,"Et derrière Pfizer, la justice américaine récupèrera les milliards en procédures et amendes !",1,2026-05-12T10:56:20Z,2026-05-12T10:56:20Z,2026-05-13T10:51:02.308698+00:00
pfizer,7tuzeVLgF0Y,Ugy92koRffI66hSTYzN4AaABAg,@annacirimmina4930,http://www.youtube.com/@annacirimmina4930,🐞🐞🐞🐞🐞🐞🐞🐞🐞🐞🐞🐞,0,2026-05-12T00:16:19Z,2026-05-12T00:16:19Z,2026-05-13T10:51:02.308698+00:00
pfizer,7tuzeVLgF0Y,UgwWGzgOoHhp9uXjAop4AaABAg,@me4344,http://www.youtube.com/@me4344,"Vous avez voté le dsa madame et vous ne voulez pas sortir de l'UE 
Circulé ...et la facturation electronique aussi",1,2026-05-13T06:36:33Z,2026-05-13T06:38:38Z,2026-05-13T10:51:02.308698+00:00
pfizer,7tuzeVLgF0Y,UgzS-Yc_rytWcZ2TYSJ4AaABAg,@domper8247,http://www.youtube.com/@domper8247,La fin de l’UE est proche,1,2026-05-12T04:26:42Z,2026-05-12T04:26:42Z,2026-05-13T10:51:02.308698+00:00
pfizer,7tuzeVLgF0Y,UgyMbwYD5zOkixZEs9t4AaABAg,@isaneterrier6678,http://www.youtube.com/@isaneterrier6678,"Bonsoir Mme Joron, merci pour ces infos, mais ce qui me dérange aussi, ce sont vos derniers votes
pour le DSA, et la facturation électroniue !!!",0,2026-05-12T19:46:24Z,2026-05-12T19:49:35Z,2026-05-13T10:51:02.308698+00:00
pfizer,7tuzeVLgF0Y,Ugx62jXdLmHjDokDVgh4AaABAg,@omega5448,http://www.youtube.com/@omega5448,UE=dictature,1,2026-05-12T11:55:27Z,2026-05-12T11:55:27Z,2026-05-13T10:51:02.308698+00:00
pfizer,7tuzeVLgF0Y,UgzqYP5FKBWP8pXuMxN4AaABAg,@glopglup7328,http://www.youtube.com/@glopglup7328,"Ok madame Joron, merci de ne pas lâcher sur ce thème. Mais il est tellement décevant que vous ayez voté pour la facturation électronique obligatoire d'après les infos que j'ai vues 😕",0,2026-05-12T21:17:14Z,2026-05-12T21:17:14Z,2026-05-13T10:51:02.308698+00:00
pfizer,7tuzeVLgF0Y,Ugy4TGZvOqEgcC74D3R4AaABAg,@Pollux-s1h,http://www.youtube.com/@Pollux-s1h,Madame avec tout le respect que je vous dois je vais vous dire une bonne chose l'OMS marche main dans la main avec les mafieux qui gère les laboratoires américains je trouve tout à fait bizarre ce fameux virus qui est là depuis plusieurs années et j'arrive maintenant proche des présidentielles français oui ils veulent nous refaire le même coup du covid 19 pour éviter que les Français se déplacent en masse pour aller voter c'est simplement la raison pour laquelle ils ont volontairement propager ce virus à des personnes avant de monter sur le bateau 2ememain le gouvernement a agi encore à tort et à travers la seule chose qui avait à faire c'était d'envoyer soit un bateau médical sur place récupérer nos ressortissants mais ils ont fait tout l'inverse une fois de plus la preuve une personne qui atteint de la maladie en Bretagne est retourné chez lui et aujourd'hui j'apprends qu'on la raie hospitalisé dans un hôpital à Nantes combien de personnes est venu voir cet homme-là chez lui est-il sorti faire des courses dans les magasins tout ça c'est voulu l'État veut à toute fin que le virus se propage en France rien que pour leurs propres intérêts personnels où nous fournit encore une fois de plus le nouveau vire le nouveau vaccin du covid amélioré pour ce virus là voilà la magouille que nous réserve l'Union européenne et l'OMS,1,2026-05-12T12:14:58Z,2026-05-12T12:14:58Z,2026-05-13T10:51:02.308698+00:00
pfizer,7tuzeVLgF0Y,Ugy68uX4ZO0gG4n96sd4AaABAg,@micheledeguerville8473,http://www.youtube.com/@micheledeguerville8473,"Toujours des révélations et rien ne change . La prêtresse reste invincible et n a que faire de nos et vos réclamations .
On est las d informations avec rien qui bouge  
Des paroles mais chacun reste bien confortable devant sa gamelle",1,2026-05-12T05:30:31Z,2026-05-12T05:30:31Z,2026-05-13T10:51:02.308698+00:00
pfizer,7tuzeVLgF0Y,UgwpGeQwvZtsbPokoaR4AaABAg,@angedore7573,http://www.youtube.com/@angedore7573,"La facture électronique n'a rien à voir là-dedans. Effectivement c'est une belle connerie, mais là elle parle de contrats passés il y a plusieurs années entre Von der Leyen et Pfizer dont on ne retrouve pas les fameux messages pour le covid par exemple. Arrêtez de tout mélanger.",1,2026-05-12T09:51:21Z,2026-05-12T09:51:21Z,2026-05-13T10:51:02.308698+00:00
pfizer,7tuzeVLgF0Y,UgwuJiEspkd0_4JtckF4AaABAg,@carlosmarques5362,http://www.youtube.com/@carlosmarques5362,Désolée mais vaccin ou plutôt infection non abouti pour parler de vaccin ils faut qu'ils soient traitées sûr 10 ans pour pouvoir être un vaccin 😅😅😅😅,1,2026-05-11T21:35:02Z,2026-05-11T21:35:02Z,2026-05-13T10:51:02.308698+00:00
pfizer,owvLk4Zantk,UgyG8xff29BHCICOpNR4AaABAg,@vlratcliffe1,http://www.youtube.com/@vlratcliffe1,Wrong wrong   the blood went to the mans !!! heart !!!!   The thing in the chest is the blood pump . His heart was pumping again .😂,2,2026-05-11T23:50:25Z,2026-05-11T23:50:25Z,2026-05-13T10:51:02.969309+00:00
pfizer,3tDd9wJwaM4,UgwszqujNKSUJf8DXHd4AaABAg,@infectedsheep,http://www.youtube.com/@infectedsheep,"Wie sie jezt alle total kritsch waren, aber trotzdem im Viren Narrativ festhängen .... Danke für die Einordnung, hab das Interview nach den ersten 5 Minuten abgebrochen. Der Märchenonkel ist wohl reine Zeitverschwendung. Ben sollte lieber mal Marvin Haberland einladen. Das wär mal was Kritisches.",12,2026-05-11T15:58:26Z,2026-05-11T15:58:26Z,2026-05-13T10:51:03.173926+00:00
pfizer,3tDd9wJwaM4,UgznzyWLNTblDM3OsRN4AaABAg,@boriscichosz7171,http://www.youtube.com/@boriscichosz7171,"Warum der Mann es nicht geschafft hat seine Frau umzustimmen ? Die Frage stellt sich doch gar nicht, ich kenne HEUTE noch Menschen die jegliche zweifelnde Mutmaßungen rund um das Thema Corinna als *Verschwörungstheorien aus dem Internet* abtun,und wenn ich als Dienstleistender mit Menschenkontakt mir in Erinnerung rufe , *WIE* sehr Kunden *AUSGERASTET* sind, nur weil ich ihnen (bei einer Unterhaltung) NICHT zugestimmt habe,dann brauche ich so etwas doch gar nicht zu fragen.",8,2026-05-11T15:56:27Z,2026-05-11T15:57:20Z,2026-05-13T10:51:03.173926+00:00
pfizer,3tDd9wJwaM4,Ugya4S_PhLPMZWCMnrl4AaABAg,@utedammert5627,http://www.youtube.com/@utedammert5627,Man sollte schon SELBST das GANZE Original Video/Interview ansehen!,5,2026-05-11T18:10:03Z,2026-05-11T18:10:03Z,2026-05-13T10:51:03.173926+00:00
pfizer,3tDd9wJwaM4,UgyBNq_x0lF5RSJ6hBl4AaABAg,@d.o.6472,http://www.youtube.com/@d.o.6472,"Dr. Sterz hatte am Anfang des Gesprächs erklärt, dass sich seine Frau hat impfen lassen, weil sie nur so die Enkel sehen durfte (sie leben in einem Land, das das zur Bedingung für die Einreise gemacht hat). Entgegen seinen dringenden Warnungen und eigenen Bedenken hat sie alle 3 vorgeschriebenen Spritzen genommen. In einem anderen Interview hatte er erzählt, dass sie danach massive Nebenwirkungen erlitt, unter denen sie bis heute leidet und die wohl unheilbar sind. 
Eine Frage meinerseits: Wieso macht man eine ganze Sendung, die sich mit der Frage ""warum hat er sie denn nicht davon abgehalten?"" beschäftigt, ohne sich zumindest das Gespräch anzuhören? Wirkt sehr unprofessionell...",17,2026-05-11T16:02:46Z,2026-05-11T16:02:46Z,2026-05-13T10:51:03.173926+00:00
pfizer,3tDd9wJwaM4,Ugy3gknLha7iP7E7-DN4AaABAg,@NobleWolf810,http://www.youtube.com/@NobleWolf810,Ich glaub dem Typen kein einziges Wort. Außerdem ist er ein weiterer Virusgläubiger. Damit disqualifiziert er sich direkt.,3,2026-05-12T04:19:38Z,2026-05-12T04:19:38Z,2026-05-13T10:51:03.173926+00:00
pfizer,3tDd9wJwaM4,Ugxjn05tOlkipzUFaDp4AaABAg,@Muthoni,http://www.youtube.com/@Muthoni,"Ben ist das, was ich einen ""Neu-Schwurbler"" nenne: jemand, der gerade seinen ersten Blick in den Kaninchenbau geworfen hat. Genau das macht ihn bei der breiten Masse so erfolgreich.
Wer seit mehr als einem Jahrzehnt ""aufgewacht"" ist und einem Tageschläfer Normie Inhalte aus den Tiefen des Kaninchenbaus präsentiert, erntet meist nur Kopfschütteln. Die Botschaft ist zu weit weg vom eigenen Weltbild und Erfahrungshorizont des Gegenübers.

Ben dosiert ""Wahrheit"" als kleine, leicht zu schluckende Pille. Keine Andreno Cocktails oder Pizza Bestellungen. Er bietet Weichkost, keine Vollkost. Der Zuhörer muss nichts verdauen, was ihm den Magen umdreht. Er holt die Leute dort ab, wo sie stehen, weil er selbst noch nicht weit davon entfernt ist.",2,2026-05-12T06:24:47Z,2026-05-12T06:29:17Z,2026-05-13T10:51:03.173926+00:00
pfizer,3tDd9wJwaM4,UgwRebN40tXCz0qRkWp4AaABAg,@drhiphop666,http://www.youtube.com/@drhiphop666,Hier wird auf dem Peak geschwurbelt.,1,2026-05-12T06:22:02Z,2026-05-12T06:22:02Z,2026-05-13T10:51:03.173926+00:00
pfizer,3tDd9wJwaM4,UgzBguqqG1TtlgeLFaF4AaABAg,@andreask1376,http://www.youtube.com/@andreask1376,"Stellt euch doch nur mal vor was passiert wäre wenn die ganzen Tests für die Seuche die 2020 plötzlich und unerwartet ausgebrochen ist nicht schon 2019 produziert und verpackt worden wären 😱
Wir müssen unseren weisen führern vertrauen.",3,2026-05-11T17:01:50Z,2026-05-11T17:01:50Z,2026-05-13T10:51:03.173926+00:00
pfizer,3tDd9wJwaM4,UgxFXKpXsq4l_hoku794AaABAg,@RetroKaefer,http://www.youtube.com/@RetroKaefer,Man weiß eh nicht mehr was man glauben kann. Das macht es nicht einfacher...,3,2026-05-11T15:44:45Z,2026-05-11T15:44:45Z,2026-05-13T10:51:03.173926+00:00
pfizer,3tDd9wJwaM4,UgzOvp036HNvjRdqC_54AaABAg,@MrAwesome84,http://www.youtube.com/@MrAwesome84,Bildung ist so wichtig...,0,2026-05-12T10:22:12Z,2026-05-12T10:22:12Z,2026-05-13T10:51:03.173926+00:00
pfizer,3tDd9wJwaM4,UgwZyRE2OgsephI5u2V4AaABAg,@kar3615,http://www.youtube.com/@kar3615,"Meinst Du nicht, seine Frau hat das mal ganz allein für sich entschieden? In unserer Familie hat das auch jeder für sich entschieden. Und genau so sollte das auch sein..... 🙄",1,2026-05-12T18:21:05Z,2026-05-12T18:21:05Z,2026-05-13T10:51:03.173926+00:00
pfizer,3tDd9wJwaM4,UgxLNJUkh53e253ybnB4AaABAg,@Rhedak,http://www.youtube.com/@Rhedak,Ja ich konnte mir das auch nicht bis zu Ende ansehen... zu Virus. Vielleicht kannst du ja mal Ben anfragen fuer ein Gespraech?,1,2026-05-12T01:22:32Z,2026-05-12T01:22:32Z,2026-05-13T10:51:03.173926+00:00
pfizer,3tDd9wJwaM4,UgxeaeOCz4oWkb0OXm94AaABAg,@mK_ul7r4,http://www.youtube.com/@mK_ul7r4,"Bin grad im Krankenhaus und hör mir dein Video schön laut im Raucherbereich draußen an, wo das ganze Personal sitzt. Hehe 😈
Ich kenn da nix mehr...",1,2026-05-12T08:00:55Z,2026-05-12T08:00:55Z,2026-05-13T10:51:03.173926+00:00
pfizer,3tDd9wJwaM4,UgzGxoiy9Lw5vjrVppR4AaABAg,@omagegenlinksundgrun9442,http://www.youtube.com/@omagegenlinksundgrun9442,"Virus = Gift.
Ich bin erkrankt als ich bei einer alten kranken Dame war die schon mindestens 4 mal die Spritze im Altersheim bekam",1,2026-05-11T15:34:06Z,2026-05-11T15:34:06Z,2026-05-13T10:51:03.173926+00:00
pfizer,3tDd9wJwaM4,UgynPNnpyAvD04T66u54AaABAg,@Pixelpanscher,http://www.youtube.com/@Pixelpanscher,Das Video ist spiegelverkehrt!,0,2026-05-11T17:58:14Z,2026-05-11T17:58:14Z,2026-05-13T10:51:03.173926+00:00
pfizer,3tDd9wJwaM4,Ugw8Rwkv5l1psDaiXPp4AaABAg,@RudolfRiedelsheimer,http://www.youtube.com/@RudolfRiedelsheimer,Bereits 2006 wurde ich über die Vogelgrippe auf Dr Stefan Lanka aufmerksam. Durch die Begegnung mit Prof Dr Heinz Ludwig Sänger wurde AIDS mein Thema. Ich war wegen der Schweinegrippe beim Arzt zum impfen. Als Spätfolge halte ich impfen für eine Art von Behandlung und für eine Form der Selbsthilfe. Meinen Zynismus versteht niemand.,0,2026-05-11T19:25:36Z,2026-05-11T19:25:36Z,2026-05-13T10:51:03.173926+00:00
pfizer,3tDd9wJwaM4,UgzNWy2CxGWiYRrpGt94AaABAg,@noamchomsky6831,http://www.youtube.com/@noamchomsky6831,"Der Mann sagte schon mal, dass er damals, noch nicht aufgewacht war.",7,2026-05-11T15:59:30Z,2026-05-11T15:59:30Z,2026-05-13T10:51:03.173926+00:00
pfizer,3tDd9wJwaM4,Ugxw-wB8MPka1GE_mUN4AaABAg,@DepthEngine,http://www.youtube.com/@DepthEngine,"Ich finde die Podcast Folge trotzdem sehr hilfreich. Die meisten Menschen in meinem Umfeld sind noch Meilen weit davon entfernt, überhaupt zu checken, dass sie verarscht worden sind. Die glauben immer noch, dass es schon alles so richtig gewesen ist. Dass es so etwas wie Viren gar nicht gibt ist ja noch mal ein ganz Anderes Thema.
Es ist eben Normie - Gerechter.",0,2026-05-13T07:28:45Z,2026-05-13T07:30:59Z,2026-05-13T10:51:03.173926+00:00
pfizer,3tDd9wJwaM4,UgzimXTcPKebIgYxIId4AaABAg,@Samuel-mi5uh,http://www.youtube.com/@Samuel-mi5uh,gerne video über vitamine🙏,0,2026-05-12T06:48:18Z,2026-05-12T06:48:18Z,2026-05-13T10:51:03.173926+00:00
pfizer,3tDd9wJwaM4,UgwNg_0W5VcUuZU84aR4AaABAg,@sadofar1468,http://www.youtube.com/@sadofar1468,Nehmt doch mal den Sterz ins Interview und konfrontiert ihn mit eurer Darstellung von Viren.,0,2026-05-12T05:26:05Z,2026-05-12T05:26:05Z,2026-05-13T10:51:03.173926+00:00
pfizer,3tDd9wJwaM4,Ugylb0GfxNQ3qTbsobV4AaABAg,@leopoldusstotch9144,http://www.youtube.com/@leopoldusstotch9144,"Meine Schwester behaupet auch, es gäbe keine Viren. Dann forschen die Virologen ja komplett im Kakao rum? Das tönt unlogisch. Da tönt der Pfizer-Toxikologe plausibler.",1,2026-05-11T19:41:24Z,2026-05-11T19:41:24Z,2026-05-13T10:51:03.173926+00:00
pfizer,3tDd9wJwaM4,Ugyh3qjlQVqpDLMUGQt4AaABAg,@habibo8816,http://www.youtube.com/@habibo8816,"Wieviel zahlen sie dir für dein unprofessionelles Gequatsche??? Mach erstmal deine Hausaufgaben, bevor du hier  noch mehr Blödsinn auftischst...
Hast kein einziges Argument noch Beweis noch dich jemals mit dem Thema ""Impfen"" beschäftigt... Typisch!!! Von nix ne Ahnung, aber Experten als Verschwörer hinstellen... Pfui!!!",5,2026-05-11T23:13:46Z,2026-05-11T23:13:46Z,2026-05-13T10:51:03.173926+00:00
pfizer,3tDd9wJwaM4,Ugx0eJ_Z4Bt4vM6Vo454AaABAg,@heinerfranz7010,http://www.youtube.com/@heinerfranz7010,"Oh, hier weiß es wieder jemand sehr überheblich alles besser und alles andere ist daher falsch. 
Geh du doch mal zu Ben, mit deiner Virus-Geschichte.",5,2026-05-11T18:34:28Z,2026-05-11T18:34:28Z,2026-05-13T10:51:03.173926+00:00
pfizer,3tDd9wJwaM4,Ugw7lNeAk9bW2xGT7_h4AaABAg,@kasch7574,http://www.youtube.com/@kasch7574,69600 Abonnenten,0,2026-05-11T18:03:14Z,2026-05-11T18:03:14Z,2026-05-13T10:51:03.173926+00:00
pfizer,3tDd9wJwaM4,UgzFbAm27-ACkz8VhzV4AaABAg,@romanfuchs3857,http://www.youtube.com/@romanfuchs3857,"Und wer oder was gibt mir die Gewissheit, dass du nicht gesteuerte Opposition bist?",1,2026-05-12T04:54:47Z,2026-05-12T04:54:47Z,2026-05-13T10:51:03.173926+00:00
pfizer,3tDd9wJwaM4,Ugwqsxr_vKAeCN2yRIp4AaABAg,@hansdeutsch2602,http://www.youtube.com/@hansdeutsch2602,"Die ganze wissenschaftliche Arbeit von Dr. Michael Holick zu Cholecalciferol, Calcifediol, Calcitriol - landläufig Vitamin-D - taugt also nichts deiner Meinung nach? Das ist absurd! Widerlege bitte konkret Michael Holicks Arbeiten zum (in Wahrheit Hormon) Vitamin-D bzw. dessen Vorstufen. Was ist mit der Cordoba Studie? Die Córdoba‑Studie zeigte einen dramatischen Rückgang der ICU‑Aufnahmen bei COVID‑19‑Patienten, die Calcifediol erhielten.",0,2026-05-12T20:59:12Z,2026-05-12T20:59:12Z,2026-05-13T10:51:03.173926+00:00
pfizer,3tDd9wJwaM4,Ugz_wSZ3Kd6jHkioec54AaABAg,@ralphh1462,http://www.youtube.com/@ralphh1462,"Ich bin nicht geimpft, habe aber garantiert Covid durchgemacht. Ich bin selber impfkritisch aber die Thesen in diesem Video sind größtenteils blanker Unsinn! Ich weiß nicht warum hier mit Dreck gegen den Herrn Sterz geworfen wird. .",7,2026-05-11T17:54:12Z,2026-05-11T17:55:40Z,2026-05-13T10:51:03.173926+00:00
pfizer,3tDd9wJwaM4,UgwcC4oAkpIYHR0IpeB4AaABAg,@VrilZepter,http://www.youtube.com/@VrilZepter,scheidung wäre teuerer gewesen.,2,2026-05-11T15:31:21Z,2026-05-11T15:31:21Z,2026-05-13T10:51:03.173926+00:00
pfizer,3tDd9wJwaM4,UgzJeE9PuAajcB1v7Gt4AaABAg,@Keinkommentar,http://www.youtube.com/@Keinkommentar,"Bist Du nicht reich geworden durch ein Projekt der CIA?
...und jetzt erklärst Du uns die Welt, nice! Lehrer halt...",0,2026-05-12T08:24:38Z,2026-05-12T08:24:38Z,2026-05-13T10:51:03.173926+00:00
pfizer,3tDd9wJwaM4,UgzF0i6ZmqsJYs8uoe54AaABAg,@royblacktheking,http://www.youtube.com/@royblacktheking,Ist mir ein echtes Rätsel wie man Ansteckung ernsthaft in Frage stellen kann. Das belegt doch die eigene Lebenswirklichkeit und sollte Konsens sein,5,2026-05-11T17:03:24Z,2026-05-11T17:03:24Z,2026-05-13T10:51:03.173926+00:00
pfizer,3tDd9wJwaM4,Ugy0O6kBlhaSZcmmCc14AaABAg,@veraemmrich9148,http://www.youtube.com/@veraemmrich9148,"Puh, endlich Ihre 9min geschafft. Für mich waren diese 9min mehr Zeitverschwendung als das gesamte Interview von Ben mit Sterz. Also von wegen Zeitersparnis! 😅",11,2026-05-11T16:08:34Z,2026-05-11T16:08:34Z,2026-05-13T10:51:03.173926+00:00
pfizer,3tDd9wJwaM4,UgzFhiiCefQ57xjL2CF4AaABAg,@littleganjaaskq6609,http://www.youtube.com/@littleganjaaskq6609,"Ich stimme zu das es Viren nicht gibt, was es jedoch gibt sind Parasiten! Deswegen hilft auch Ivermectin und/oder Vitamin D, Oregano Öl geht auch. Wie man die Krankheit am Ende nennt ist Wurst, da alles die selbe Ursache hat, Vergiftung und/oder Parasiten. Viele Parasiten verstecken sich und warten bis der Wirt angeschlagen ist durch Stress, Verletzung oder was auch immer und dann beginnt die Party 🥳 Das Immunsystem ist dass was die Ärzte benennen wenn sie nicht wirklich wissen was man hat, ist die perfekte Ausrede 😉 Die meisten Ärzte wissen jedoch was es ist sonst könnten die nicht selbst jahrzehntelang gesund ihre Berufung ausüben….",0,2026-05-12T09:29:38Z,2026-05-12T09:29:38Z,2026-05-13T10:51:03.173926+00:00
pfizer,3tDd9wJwaM4,UgxB7L93D04sdV8m02d4AaABAg,@svesom,http://www.youtube.com/@svesom,"Ach, das ist jetzt wieder so ein Klickwettbewerb unter YouTube Kollegen.. Naja, also in meinen Augen war das ein sehr gutes Interview!",1,2026-05-11T23:15:31Z,2026-05-11T23:15:31Z,2026-05-13T10:51:03.173926+00:00
pfizer,3tDd9wJwaM4,UgwXaPvc_RgyuQkAUIB4AaABAg,@janabegall113,http://www.youtube.com/@janabegall113,"Hälst du Shedding durch eine Biowaffe für unmöglich? Ihr solltet wirklich mal weiter denken und euch auf Biowaffen ausweiten. Das mit den Viren ist klar, allerdings solltet ihr euch weiter entwickeln. Warum lebt ihr im letzten Jahrhundert? Wenn ihr so weiter macht mit euren 20 Jahre alten Argumenten glaubt euch bald keiner mehr. Viren sind Biowaffen, wollt ihr den Menschen helfen oder Recht behalten. Seit Jahrhunderten geht es so, ihr werdet die Theorie nicht mehr widerlegen auch wenn ich es euch wünsche. Wollt ihr wirklich was erreichen, weißt nach das die Viren seit Jahrhunderten für die Reduzierung und Dressur der Bevölkerung benutzt werden. LG",0,2026-05-12T20:52:10Z,2026-05-12T20:57:34Z,2026-05-13T10:51:03.173926+00:00
pfizer,3tDd9wJwaM4,Ugx4uC9HjB6RuiH-exh4AaABAg,@derbenutzer2011,http://www.youtube.com/@derbenutzer2011,Ich habe gleich ein schlechtes Gefühl bei dem Ben Video gehabt,1,2026-05-11T16:31:57Z,2026-05-11T16:31:57Z,2026-05-13T10:51:03.173926+00:00
pfizer,3tDd9wJwaM4,UgwVmviBdz2rc30JbCZ4AaABAg,@Keinkommentar,http://www.youtube.com/@Keinkommentar,"Meine Frau hat sich heimlich impfen lassen, soviel zu Deinen Thesen...! Ungeskriptet by Ben ist genauso echt wie der Bitcoin...",1,2026-05-11T21:59:11Z,2026-05-11T21:59:11Z,2026-05-13T10:51:03.173926+00:00
pfizer,3tDd9wJwaM4,UgwOMXfBFm8LfJOHVm14AaABAg,@Keinkommentar,http://www.youtube.com/@Keinkommentar,"Nachtrag: 4,8 Millionen Aufrufe von Höcke by Ben...Never Ever! Der nächste Fake-Kanal!",0,2026-05-11T22:04:30Z,2026-05-11T22:04:30Z,2026-05-13T10:51:03.173926+00:00
